AR_ID,State,Dam_Name,ar_river,ar_year,ar_lat,ar_lon,tier,note,nacc_SARPID,nacc_Name,nacc_River,nacc_lat,nacc_lon,nacc_NHDPlusID,nacc_NIDID,nacc_Removed,nacc_YearRemoved,nacc_Snapped,nacc_HUC12,nacc_Source,nacc_TotalUpstreamMiles,nacc_PerennialUpstreamMiles,nacc_GainMiles,nacc_FunctionalNetworkMiles,nacc_HasNetwork,nacc_UpstreamBarrier,nacc_UpstreamBarrierMiles,dist_m
CA-001,CA,Big Creek Manufacturing Dam,Big Creek,,,,UNLINKED,,,,,,,,,,,,,,,,,,,,,
CA-002,CA,Minnie Reeves Dam,Indian Creek,2002,40.63811,-122.908,T1_NABI,,CA98012,Indian Creek Ranch Dam Removal,Indian Creek,40.638233,-122.90827,5.0000400203651e+13,,yes,2005,true,180102110704,CA PAD June 20 2023,77.747,15.897,77.747,1645.089,yes,,-1,26.572408032360105
CA-003,CA,Lone Jack Dam,Trinity River (East Fork of North Fork),,,,UNLINKED,,,,,,,,,,,,,,,,,,,,,
CA-004,CA,Arco Pond Dam,,,,,UNLINKED,,,,,,,,,,,,,,,,,,,,,
CA-005,CA,Trout Haven Dam,Monkey Creek,,41.89046,-123.815,T1_NABI,,CA103153,Trout Haven Dam,Monkey Creek,41.890247,-123.81497,5.0000400133933e+13,,yes,1996,true,180101010204,CA PAD June 20 2023,31.526,5.866,31.526,1358.127,yes,,-1,23.8143478338264
CA-006,CA,Salt Creek Dam,Salt Creek,,39.29306,-122.795,T1_NABI,,CA625815,Salt Creek Dam,Salt Creek,39.293064,-122.795,5.0000400035161e+13,,yes,0,true,180101030101,American Rivers Dam Removal Database,13.727,1.662,13.727,960.768,yes,,-1,0.4447797069222492
CA-007,CA,Lower Murphy Dam,Home Bay,,38.06938,-122.918,T1_NABI,,CA102763,Lower Murphy Dam,Home Ranch Creek,38.069878,-122.91784,5.0000300006033e+13,,yes,0,true,180500050501,CA PAD June 20 2023,20.002,0.995,20.002,20.056,yes,,-1,57.118963011786555
CA-008,CA,Upper Murphy Dam,Home Ranch Creek,,38.08526,-122.904,T1_NABI,,CA102836,Upper Murphy Dam,Home Ranch Creek,38.085285,-122.90437,5.0000300020806e+13,,yes,0,true,180500050501,CA PAD June 20 2023,2.609,0.147,2.609,19.326,yes,,-1,32.50180086952345
CA-009,CA,Russell Dam (Hinkley Dam),Hayfork Creek,1922,,,T2_SOURCEID,,CA969296,Russell Dam (Hinkley Dam),Hayfork Creek,40.63183,-123.4162,5.0000400145153e+13,,yes,1922,true,180102120305,American Rivers Dam Removal Database,0.354,0.354,0.354,2380.95,yes,,-1,
CA-010,CA,Hessellwood Dam,Hayfork Creek,1925,,,UNLINKED,,,,,,,,,,,,,,,,,,,,,
CA-011,CA,Henry Danninbrink Dam,Canyon Creek,1927,,,UNLINKED,,,,,,,,,,,,,,,,,,,,,
CA-012,CA,Anderline Dam,Rush Creek,1936,,,UNLINKED,,,,,,,,,,,,,,,,,,,,,
CA-013,CA,D.B. Fields/Johnson Dam,Rice Creek,1946,39.29508,-123.399,T1_NABI,,CA102743,Johnson Dam (Historical),Rice Creek,39.295395,-123.39947,5.0000400188157e+13,,yes,1946,true,180101080302,CA PAD June 20 2023,12.412,5.003,12.412,31.219,yes,,-1,53.503626258463335
CA-014,CA,Bonally Mining Co. Dam,Salmon River (North Fork),1946,,,UNLINKED,,,,,,,,,,,,,,,,,,,,,
CA-015,CA,Trinity Cty. Water & Power Co. Dam,Trinity River (East Fork),1946,,,UNLINKED,,,,,,,,,,,,,,,,,,,,,
CA-016,CA,D.B. Fields Dam,Indian Creek,1947,,,UNLINKED,,,,,,,,,,,,,,,,,,,,,
CA-017,CA,Altoona Dam,Kidder Creek,1947,,,UNLINKED,,,,,,,,,,,,,,,,,,,,,
CA-018,CA,Three C. Picket Dam,Beaver Creek,1949,,,UNLINKED,,,,,,,,,,,,,,,,,,,,,
CA-019,CA,Big Nugget Mine Dam,Horse Creek,1949,,,UNLINKED,,,,,,,,,,,,,,,,,,,,,
CA-020,CA,Moser Dam,Swillup Creek,1949,,,UNLINKED,,,,,,,,,,,,,,,,,,,,,
CA-021,CA,Todd Dam,Trinity River (East Fork of North Fork),1949,,,UNLINKED,,,,,,,,,,,,,,,,,,,,,
CA-022,CA,Smith Dam,White's Gulch,1949,,,UNLINKED,"2 name hits, 0 survived validation",,,,,,,,,,,,,,,,,,,,
CA-023,CA,Clarissa V. Mining Dam,Redding Creek,1950,,,UNLINKED,,,,,,,,,,,,,,,,,,,,,
CA-024,CA,Bennett-Smith Dam,Salmon River (South Fork),1950,,,UNLINKED,,,,,,,,,,,,,,,,,,,,,
CA-025,CA,Barton Dam,Scott River (South Fork),1950,,,UNLINKED,"1 name hits, 0 survived validation",,,,,,,,,,,,,,,,,,,,
CA-026,CA,North Fork Placers Dam,Trinity River (North Fork),1950,,,UNLINKED,,,,,,,,,,,,,,,,,,,,,
CA-027,CA,Red Hill Mining Do. Dam,Canyon Creek,1951,,,UNLINKED,,,,,,,,,,,,,,,,,,,,,
CA-028,CA,Quinn Dam,Trinity River (East Fork of North Fork),1951,,,UNLINKED,,,,,,,,,,,,,,,,,,,,,
CA-029,CA,Sweasey Dam,Mad River,1970,40.81962,-123.956,T1_NABI,,CA102347,Sweasey Dam (Completely Removed),Mad River,40.819965,-123.95607,5.0000400216361e+13,,yes,1970,true,180101020406,CA PAD June 20 2023,8.109,4.296,8.109,27.592,yes,,-1,38.81184470357321
CA-030,CA,Bear Valley Dam,,1982,37.99325,-122.814,T1_NABI,,CA102668,Bear Valley Dam (Removed),Bear Valley Creek,37.994102,-122.81468,5.0000300026798e+13,,yes,1982,true,180500050503,CA PAD June 20 2023,0.281,0,0.281,0.496,yes,,-1,111.92010270407452
CA-031,CA,Rogers Dam,Tributary to Olema Creek,1983,38.04692,-122.787,T1_NABI,,CA102811,Rogers Dam (Removed),Unnamed,38.046936,-122.78699,5.0000300006325e+13,,yes,1983,true,180500050104,CA PAD June 20 2023,2.142,0.148,2.142,244.921,yes,,-1,1.9829413644877134
CA-032,CA,Happy Isles Dam,,1987,,,UNLINKED,,,,,,,,,,,,,,,,,,,,,
CA-033,CA,Upper Dam (Lost Man Dam),Lost Man Creek,1989,41.329068,-124.02192,T1_NABI,,CA625816,Upper Dam (Lost Man Dam),Lost Man Creek,41.3292,-124.02187,5.0000400129888e+13,,yes,1989,true,180101020105,American Rivers Dam Removal Database,12.538,8.389,12.538,248.235,yes,,-1,15.259952663154412
CA-034,CA,Unnamed Dam #1,Wildcat Creek,1992,,,UNLINKED,,,,,,,,,,,,,,,,,,,,,
CA-035,CA,Unnamed Dam #2,Wildcat Creek,1992,,,UNLINKED,,,,,,,,,,,,,,,,,,,,,
CA-036,CA,Point Four Dam,Butte Creek,1993,,,UNLINKED,,,,,,,,,,,,,,,,,,,,,
CA-037,CA,C-Lind Dam #1,,1993,,,UNLINKED,,,,,,,,,,,,,,,,,,,,,
CA-038,CA,Lake Christopher Dam,Cold Creek,1994,,,T2_SOURCEID,,CA969297,Lake Christopher Dam,Cold Creek,38.910156,-119.96485,7.0000300002625e+13,,yes,1994,true,160501010302,American Rivers Dam Removal Database,7.87,2.892,7.87,1817.334,yes,,-1,
CA-039,CA,McPherrin Dam,Butte Creek,1998,39.44674,-121.874,T1_NABI,,CA91936,Mcpherrin Dam And Ladder (Removed),Butte Creek,39.446804,-121.873886,5.0000900059084e+13,,yes,1997,true,180201580206,CA PAD June 20 2023,157.804,116.143,77.342,235.146,yes,,-1,12.102241586135873
CA-040,CA,Western Canal East Dam,Butte Creek,1998,,,UNLINKED,,,,,,,,,,,,,,,,,,,,,
CA-041,CA,Western Canal Main Dam,Butte Creek,1998,,,UNLINKED,,,,,,,,,,,,,,,,,,,,,
CA-042,CA,Unnamed Small Dam #1,Guadalupe River,1998,,,T2_SOURCEID,,CA969298,Unnamed Small Dam #1,Guadalupe River,37.374195,-121.93298,5.0000300014181e+13,,yes,1998,true,180500030304,American Rivers Dam Removal Database,2.375,2.051,2.375,13.95,yes,,-1,
CA-043,CA,Unnamed Small Dam #2,Guadalupe River,1998,,,T2_SOURCEID,,CA969299,Unnamed Lowhead Dam #2,Guadalupe River,37.372955,-121.93202,5.0000300014181e+13,,yes,1998,true,180500030304,American Rivers Dam Removal Database,2.268,1.944,0.107,2.375,yes,,-1,
CA-044,CA,McCormick-Saeltzer Dam,Clear Creek,2000,40.49316,-122.471,T1_NABI,,CA102817,Mccormick-Saeltzer Dam (Historical/Removed),Clear Creek,40.49312,-122.47053,5.000090039132e+13,,yes,2000,true,180201540106,CA PAD June 20 2023,128.83,30.717,128.83,145.209,yes,,-1,39.99221168454548
CA-045,CA,Swim Dam #1,Alameda Creek,2001,37.51295,-121.827,T1_NABI,,CA91689,Concrete Swim Dam #1,Alameda Creek,37.51303,-121.82701,5.0000300040971e+13,,yes,2001,true,180500040602,CA PAD June 20 2023,16.759,0.206,16.759,60.29,yes,,-1,8.939213932445215
CA-046,CA,Swim Dam #2,Alameda Creek,2001,37.51093,-121.826,T1_NABI,,CA91690,Concrete Swim Dam #2,Alameda Creek,37.510944,-121.82637,5.0000300040971e+13,,yes,2001,true,180500040602,CA PAD June 20 2023,16.595,0.206,0.164,16.759,yes,,-1,32.67256641411625
CA-047,CA,Crocker Creek Dam,Crocker Creek,2002,38.77714,-122.959,T1_NABI,,CA96612,Crocker Creek Dam,Crocker Creek,38.776997,-122.95936,5.0000400031576e+13,,yes,2005,true,180101100601,CA PAD June 20 2023,7.279,3.484,7.279,399.953,yes,,-1,35.02454940095738
CA-048,CA,Unnamed Dam,Ferrari Creek,2002,,,UNLINKED,,,,,,,,,,,,,,,,,,,,,
CA-049,CA,Unnamed Arizona Crossing,Solstice Creek,2002,,,T2_SOURCEID,,CA969301,Unnamed Arizona Crossing,Solstice Creek,34.04862,-118.7539,5.0000100004056e+13,,yes,2002,true,180701040204,American Rivers Dam Removal Database,0.19,0,0.19,2.841,yes,,-1,
CA-050,CA,North Debris Dam,Unnamed Trib. to the Los Angeles River,2002,,,UNLINKED,,,,,,,,,,,,,,,,,,,,,
CA-051,CA,Trancas Debris Dam,Unnamed Trib. to the Trancas Canyon,2002,,,T2_SOURCEID,,CA969302,Trancas Debris Dam,Unnamed Trib. To The Trancas Canyon,34.04055,-118.84668,5.0000100003196e+13,,yes,2002,true,180701040203,American Rivers Dam Removal Database,0.171,0,0.171,11.282,yes,,-1,
CA-052,CA,A-Frame Dam,Brandy Creek,2003,,,T2_SOURCEID,,CA969303,A-Frame Dam,Brandy Creek,40.61128,-122.576416,5.0000900330444e+13,,yes,2003,true,180201540105,American Rivers Dam Removal Database,18.861,7.237,18.861,248.159,yes,,-1,
CA-053,CA,East Panther Creek Dam,East Panther Creek,2016,38.49,-120.3975,T1_NABI,,CA625817,East Panther Creek Dam,East Panther Creek,38.490147,-120.397575,5.0000800252172e+13,,yes,2016,true,180400120403,American Rivers Dam Removal Database,45.545,8.281,45.545,102.699,yes,,-1,17.600834284674605
CA-054,CA,Cascade Diversion Dam,Merced River,2003,37.71827,-119.682,T1_NABI,,CA625818,Cascade Diversion Dam,Merced River,37.718723,-119.6825,5.0000800307613e+13,CA10268,yes,2003,true,180400080304,American Rivers Dam Removal Database,45.021,21.501,45.021,195.529,yes,,-1,66.86870931245984
CA-055,CA,Murphy Creek Dam (Sparrow Dam),Murphy Creek,2003,38.234021,-121.026446,T1_NABI,,CA625819,Murphy Creek Dam (Sparrow Dam),Murphy Creek,38.23429,-121.0266,5.0000800319665e+13,,yes,2003,true,180400121102,American Rivers Dam Removal Database,3.282,0.327,3.282,47.551,yes,,-1,32.79657969519745
CA-056,CA,Mumford Dam,Russian River (West Fork),2003,39.27739,-123.208,T1_NABI,,CA97269,Mumford Dam Fish Ladder,West Fork Of Russian River,39.2773,-123.20757,5.0000400109168e+13,,yes,2003,true,180101100202,CA PAD June 20 2023,67.77,1.054,67.77,254.588,yes,,-1,38.341307627625696
CA-057,CA,Haypress Pond Dam,Unnamed Tributary,2003,37.86288,-122.547,T1_NABI,,CA625820,Haypress Pond Dam,Unnamed Tributary,37.86259,-122.545425,5.0000300042314e+13,,yes,2003,true,180500050506,American Rivers Dam Removal Database,0.872,0.02,0.872,18.149,yes,,-1,141.9743752808278
CA-058,CA,West Panther Creek Dam,West Panther Creek,2003,38.492942,-120.393264,T1_NABI,,CA625821,West Panther Creek Dam,West Panther Creek,38.49294,-120.39324,5.0000800364219e+13,,yes,2003,true,180400120403,American Rivers Dam Removal Database,44.518,7.913,1.026,45.545,yes,,-1,2.100539703005282
CA-059,CA,York Creek Diversion Structure,York Creek,2004,38.5095,-122.496,T1_NABI,,CA91693,Diversion Dam On York Creek (Removed),York Creek,38.509724,-122.49593,5.0000300009952e+13,,yes,2004,true,180500020202,CA PAD June 20 2023,0.838,0.456,0.838,147.313,yes,,-1,25.641542631578854
CA-060,CA,Niles Dam,Alameda Creek,2006,37.58591,-121.963,T1_NABI,,CA91683,Usgs Gauging Station Apron,Alameda Creek,37.586628,-121.961716,5.0000300034787e+13,,yes,2006,true,180500040603,CA PAD June 20 2023,28.109,0.948,1.192,29.301,yes,,-1,138.47251414492442
CA-061,CA,Sunol Dam,Alameda Creek,2006,37.5944,-121.902,T1_NABI,,CA91685,Sunol Dam (Removed),Alameda Creek,37.59454,-121.90185,5.0000300046868e+13,,yes,2006,true,180500040603,CA PAD June 20 2023,2.541,0.299,2.541,25.038,yes,,-1,20.420506824772346
CA-062,CA,Horse Creek Dam,Horse Creek,2006,34.83759,-120.017,T1_NABI,,CA103828,Horse Creek Dam (Removed),Horse Creek,34.83737,-120.01734,5.0000200017834e+13,,yes,2006,true,180600080302,CA PAD June 20 2023,59.131,0,59.131,1723.098,yes,,-1,39.51357836636012
CA-063,CA,Tucker Road Ford,Soquel Creek,2006,37.09985,-121.958,T1_NABI,,CA625822,Tucker Road Ford,Soquel Creek,37.09985,-121.95828,5.0000200125236e+13,,yes,2006,true,180600150303,American Rivers Dam Removal Database,4.307,0,4.307,11.174,yes,,-1,24.832489376200776
CA-064,CA,Unnamed Dam,Ward Creek,2006,,,T2_SOURCEID,,CA969304,Ward Creek Diversion Dam,Ward Creek,39.133785,-120.15945,7.0000300056982e+13,,yes,2006,true,160501010403,American Rivers Dam Removal Database,40.457,7.801,40.457,1929.106,yes,,-1,
CA-065,CA,Araujo Dam,Shasta River,2007,41.68764,-122.53,T3_NAME_VALIDATED,,CA625845,Araujo Dam,Shasta River,41.68763,-122.52995,5.0000400165614e+13,,yes,2007,true,180102070410,American Rivers Dam Removal Database 02/24/2024,2.623,1.777,0.171,2.794,yes,,-1,4.298237515076737
CA-066,CA,Rooney Bros Dam,Consumnes River,2008,38.35819,-121.343,UNLINKED,,,,,,,,,,,,,,,,,,,,,
CA-067,CA,Hall Wines Dam (Dry Creek Dam),Dry Creek,2008,38.37706,-122.316,T1_NABI,,CA100718,Seasonal Dam (Removed),Dry Creek,38.3771,-122.315796,5.0000300031103e+13,,yes,2007,true,180500020203,CA PAD June 20 2023,8.67,0.156,8.67,9.053,yes,,-1,18.33055402992279
CA-068,CA,East Mill Creek Dam,East Mill Creek,2008,40.32146,-124.273,T1_NABI,,CA98210,East Mill Creek Barrier (Removed),Unnamed,40.321815,-124.27144,5.0000400085892e+13,,yes,2009,true,180101070209,CA PAD June 20 2023,3.754,0,3.754,870.791,yes,,-1,138.01853987882873
CA-069,CA,White Gulch Dam #1 (Whites Gulch Lower Dam),"Whites Gulch, Tributary to the Salmon River",2008,41.2909,-123.083,T1_NABI,,CA97540,Whites Gulch Lower Dam Removed,Whites Gulch,41.290855,-123.08314,5.0000400113954e+13,,yes,2008,true,180102100207,CA PAD June 20 2023,42.514,17.45,42.514,465.598,yes,,-1,12.722124192898477
CA-070,CA,Wildcat Dam,Battle Creek,2009,40.42024,-121.961,T1_NABI,,CA102849,Wildcat Diversion Dam (Removed),North Fork Battle Creek,40.42004,-121.96112,5.0000900128772e+13,,yes,2010,true,180201530106,CA PAD June 20 2023,0.687,0.687,0.687,102.228,yes,,-1,24.449270735867895
CA-071,CA,Percolation Dam,Putah Creek,2009,38.52162,-121.965,T1_NABI,,CA96118,Winters-Putah Creek Percolation Dam (Removed),Putah Creek,38.52162,-121.965034,5.0000900069623e+13,,yes,2009,true,180201620504,CA PAD June 20 2023,84.903,3.261,84.903,97.186,yes,,-1,2.957861644880321
CA-072,CA,Shasta River Water Association Diversion Dam,Nelson Creek,2009,40.85339,-122.347,T1_NABI,,CA625823,Shasta River Water Association Diversion Dam,Nelson Creek,40.853436,-122.34715,5.0000900007501e+13,,yes,2009,true,180200050403,American Rivers Dam Removal Database,9.253,1.301,9.253,4867.85,yes,,-1,13.613402371161282
CA-073,CA,Camp Meeker Dam,Dutch Bill Creek,2009,38.42465,-122.959,T1_NABI,,CA98182,Removed: Camp Meeker Dam With Footbridge Over Dam,Dutch Bill Creek,38.424625,-122.958885,5.0000400159573e+13,,yes,2009,true,180101100903,CA PAD June 20 2023,3.283,1.003,3.283,11.732,yes,,-1,10.396537144124274
CA-074,CA,Waterman Dam,Waterman Creek,2009,37.21437,-122.176097,T1_NABI,,CA100209,Waterman Dam (Removed),Waterman Creek,37.214573,-122.175644,5.0000300037287e+13,,yes,2009,true,180500060101,CA PAD June 20 2023,9.627,2.255,9.627,31.135,yes,,-1,46.029322047409586
CA-075,CA,Glenbrook Gulch Dam,Glenbrook Gulch (Albion River),2010,39.26526,-123.669,T1_NABI,,CA104084,Glenbrook Gulch Earthen Dam (Removed),Glenbrook Gulch,39.265198,-123.66926,5.0000400265804e+13,,yes,2010,true,180101080801,CA PAD June 20 2023,1.94,0,1.94,85.288,yes,,-1,23.42099563925379
CA-076,CA,Fife Creek Check Dam ,Fife Creek,2010,38.53338,-123.004,T1_NABI,,CA103515,Dam 53,Fife Creek,38.535065,-123.004295,5.0000400158385e+13,,yes,2010,true,180101100903,CA PAD June 20 2023,1.793,0,1.793,17.999,yes,,-1,189.11230226681812
CA-077,CA,Ojai Valley Trail Ford,San Antonio Creek,2011,34.37979,-119.307,T1_NABI,,CA625827,Ojai Valley Trail Ford,San Antonio Creek,34.379852,-119.30708,5.0000100113178e+13,,yes,2011,true,180701010103,American Rivers Dam Removal Database,43.087,9.188,43.087,122.067,yes,,-1,10.071154645897424
CA-078,CA,Camp Nine Dam,Stanislaus River,2012,38.13576,-120.377,T1_NABI,,CA102332,Stanislaus Afterbay (Removed),Stanislaus River,38.136044,-120.37734,5.0000800273713e+13,,yes,2012,true,180400100602,CA PAD June 20 2023,826.577,95.446,826.577,2118.691,yes,,-1,43.37640946861848
CA-079,CA,Hostler Creek Dam ,Hostler Creek,2012,41.07869,-123.668,T1_NABI,,CA99348,20Ft Concrete And Large Boulder Falls/Hostler Creek Irrigation Dam,Hostler Creek,41.079254,-123.66171,5.000040026609e+13,,yes,2012,true,180102111208,CA PAD June 20 2023,40.88,6.247,40.88,2421.83,yes,,-1,530.9399218796491
CA-080,CA,Bear Creek Dam #3,Bear Creek (San Francisquito Creek),2012,37.41515,-122.243,T1_NABI,,CA96659,Concrete Weir #4,Bear Canyon Creek,37.415924,-122.2434,5.0000300046163e+13,,yes,2012,true,180500030404,CA PAD June 20 2023,0.4,0,0.193,0.593,yes,,-1,93.0329657212184
CA-081,CA,Cahill Dam,Branciforte Creek,2013,37.03797,-121.986,T1_NABI,,CA97297,Dam With Steep Pass Ladder (Cahill Dam) (Removed),Branciforte Creek,37.03754,-121.98556,5.0000200062687e+13,,yes,2013,true,180600150203,CA PAD June 20 2023,0.521,0,0.521,1.452,yes,,-1,61.73662516713898
CA-082,CA,Bonde Weir,San Francisquito Creek,2013,37.44744,-122.17,T1_NABI,,CA96650,San Francisquito Concrete Weirs,San Francisquito Creek,37.45111,-122.16576,5.0000300026409e+13,,yes,2003,true,180500030404,CA PAD June 20 2023,0.467,0,0.467,4.863,yes,,-1,553.7411618129845
CA-083,CA,Hammer Diversion Dam,South Fork Cottonwood Creek,2014,40.12336,-122.722,T1_NABI,,CA104097,Hammer Diversion Dam (Removed),South Fork Cottonwood Creek,40.123257,-122.72163,5.0000900268524e+13,,yes,2014,true,180201520701,CA PAD June 20 2023,79.488,13.895,79.488,10647.267,yes,,-1,33.47963774041217
CA-084,CA,HJFD10,,2014,33.68371,-117.516,T1_NABI,,CA104167,Rock And Mortar Dam  (Removed),Holy Jim Creek,33.683506,-117.515564,5.0000100013667e+13,,yes,2015,true,180703010103,CA PAD June 20 2023,0.15799999,0.036,0.007,0.165,yes,,-1,46.28176830857443
CA-085,CA,HJFD6,,2014,33.68332,-117.516,T1_NABI,,CA104165,Rock And Mortar Dam (Removed),Holy Jim Creek,33.68333,-117.515724,5.0000100013667e+13,,yes,2015,true,180703010103,CA PAD June 20 2023,0.173,0.051,0.13,0.303,yes,,-1,25.561656793830284
CA-086,CA,HJFD7,,2014,33.68333,-117.516,T1_NABI,,CA104165,Rock And Mortar Dam (Removed),Holy Jim Creek,33.68333,-117.515724,5.0000100013667e+13,,yes,2015,true,180703010103,CA PAD June 20 2023,0.173,0.051,0.13,0.303,yes,,-1,25.537458585625217
CA-087,CA,HJFD8,,2014,33.68352,-117.516,T1_NABI,,CA104166,Rock And Mortar Dam (Removed),Holy Jim Creek,33.683422,-117.51564,5.0000100013667e+13,,yes,2015,true,180703010103,CA PAD June 20 2023,0.165,0.043,0.008,0.173,yes,,-1,35.0468433488693
CA-088,CA,HJFD9,,2014,33.6837,-117.516,T1_NABI,,CA104167,Rock And Mortar Dam  (Removed),Holy Jim Creek,33.683506,-117.515564,5.0000100013667e+13,,yes,2015,true,180703010103,CA PAD June 20 2023,0.15799999,0.036,0.007,0.165,yes,,-1,45.74704697024142
CA-089,CA,Lion Creek Diversion Dam,Lion Creek,2014,34.54438,-119.164,T1_NABI,,CA98389,Old Diversion Dam Ups Of Upper Lion Campsite (Removed),Lion Canyon Creek,34.543396,-119.16375,5.0000100057464e+13,,yes,2014,true,180701020702,CA PAD June 20 2023,1.738,0.417,1.738,5.964,yes,,-1,111.78604058090075
CA-090,CA,TCFD10,Trabuco Creek,2014,33.67441,-117.525,T1_NABI,,CA104126,Rock And Mortar Dam With Spillway (Removed),Arroyo Trabuco,33.674446,-117.525116,5.0000100070076e+13,,yes,2014,true,180703010103,CA PAD June 20 2023,70.002,4.831,0.009,70.011,yes,,-1,11.456360112677185
CA-091,CA,TCFD11,Trabuco Creek,2014,33.67447,-117.525,T1_NABI,,CA104126,Rock And Mortar Dam With Spillway (Removed),Arroyo Trabuco,33.674446,-117.525116,5.0000100070076e+13,,yes,2014,true,180703010103,CA PAD June 20 2023,70.002,4.831,0.009,70.011,yes,,-1,11.061003670672134
CA-092,CA,TCFD7,Trabuco Creek,2014,33.67418,-117.526,T1_NABI,,CA104051,Rock And Mortar Dam With Spillway (Removed),Arroyo Trabuco,33.6744,-117.52584,5.0000100070076e+13,,yes,2014,true,180703010103,CA PAD June 20 2023,70.045,4.874,70.045,218.27,yes,,-1,28.594523639726685
CA-093,CA,TCFD9,Trabuco Creek,2014,33.67436,-117.525,T1_NABI,,CA104126,Rock And Mortar Dam With Spillway (Removed),Arroyo Trabuco,33.674446,-117.525116,5.0000100070076e+13,,yes,2014,true,180703010103,CA PAD June 20 2023,70.002,4.831,0.009,70.011,yes,,-1,14.37604102214521
CA-094,CA,Unknown Dam,Olds Creek,2014,39.42051,-123.502,T1_NABI,,CA103985,Olds Creek Dam (Removed),Olds Creek,39.42035,-123.50054,5.0000400057112e+13,,yes,2014,true,180101080202,CA PAD June 20 2023,14.727,2.675,0.079,14.806,yes,,-1,126.66802307598373
CA-095,CA,Whites Gulch Upper Dam,Whites Gulch,2008,41.28182,-123.075701,T1_NABI,,CA97541,Whites Gulch Upper Dam Removed,Whites Gulch,41.281834,-123.07571,5.0000400241839e+13,,yes,2008,true,180102100207,CA PAD June 20 2023,39.501,16.229,3.013,42.513,yes,,-1,1.7288637045982447
CA-096,CA,Memorial Park Dam,Pescadero Creek,2015,37.273915,-122.288465,T1_NABI,,CA100200,Concrete Dam (30' Long X 2' High) (Removed),Pescadero Creek,37.273544,-122.292,5.0000300022334e+13,,yes,2015,true,180500060103,CA PAD June 20 2023,130.261,22.59,130.261,134.749,yes,,-1,315.4978701120436
CA-097,CA,San Clemente Dam,Carmel River,2015,36.4359,-121.7088,T1_NABI,,CA101476,San Clemente Dam,Carmel River,36.43571,-121.70856,5.0000200001471e+13,,yes,2015,true,180600060104,CA PAD June 20 2023,131.794,0.253,0.368,132.162,yes,,-1,30.12171841142715
CA-098,CA,Maria Ygnacio Aijian Barrier,Maria Ygnacio Creek,2014,34.466395,-119.794309,T1_NABI,,CA625824,Maria Ygnacio Aijian Barrier,Maria Ygnacio Creek,34.466244,-119.79417,5.000020014429e+13,,yes,2014,true,180600130201,American Rivers Dam Removal Database,0.459,0,0.459,2.093,yes,,-1,21.078439016717983
CA-099,CA,Rodeo Grounds Berm,Topanga Creek,2008,34.04189,-118.57961,T1_NABI,,CA625825,Rodeo Grounds Berm,Topanga Creek,34.04193,-118.579765,5.0000100146463e+13,,yes,2008,true,180701040401,American Rivers Dam Removal Database,6.104,0,6.104,6.734,yes,,-1,14.9581616641266
CA-100,CA,Old Carmel River Dam,Carmel River,2016,36.43875,-121.7048028,T1_NABI,,CA97295,Old Carmel Stone Dam And Steppool Fish Ladder,Carmel River,36.438847,-121.70483,5.0000200022162e+13,,yes,2016,true,180600060104,CA PAD June 20 2023,132.162,0.253,132.162,641.882,yes,,-1,11.056952916018773
CA-101,CA,Benbow Dam,South Fork Eel River,2016,40.0666,-123.7961,T1_NABI,,CA99380,Benbow Dam (Removed),South Fork Eel River,40.066036,-123.80127,5.0000400048809e+13,,yes,2017,true,180101060403,CA PAD June 20 2023,853.571,303.708,853.571,6627.368,yes,,-1,444.401265660139
CA-102,CA,Dream Lake Dam,Hot Springs Creek,2011,40.442033,-121.408425,T1_NABI,,CA625826,Dream Lake Dam,Hot Springs Creek,40.441692,-121.40727,5.0000900221558e+13,,yes,2011,true,180201210101,American Rivers Dam Removal Database,0.831,0.831,0.831,137.539,yes,,-1,104.84060023809826
CA-103,CA,McGowan Dam,Butte Creek,1998,,,T2_SOURCEID,,CA969305,Mcgowan Dam,Butte Creek,39.562717,-121.82847,5.0000900444317e+13,,yes,1998,true,180201580205,American Rivers Dam Removal Database,10.755,8.91,10.755,157.803,yes,,-1,
CA-104,CA,HJFD15,Holy Jim Creek,2017,33.68806214,-117.512544,T1_NABI,,CA104174,Rock And Mortar Dam With Spillway(Removed),Holy Jim Creek,33.688118,-117.51259,5.0000100070091e+13,,yes,2017,true,180703010103,CA PAD June 20 2023,0.082,0.082,0.082,3.562,yes,,-1,7.529571734890252
CA-105,CA,HJFD16,Holy Jim Creek,2017,33.68876814,-117.51187,T1_NABI,,CA104175,Rock And Mortar Dam (Removed),Holy Jim Creek,33.688797,-117.51179,5.0000100070091e+13,,yes,2017,true,180703010103,CA PAD June 20 2023,0.014,0.014,0.014,0.082,yes,,-1,8.06742091984556
CA-106,CA,HJFD17,Holy Jim Creek,2017,33.68884714,-117.511854,UNLINKED,,,,,,,,,,,,,,,,,,,,,
CA-107,CA,HJFD18,Holy Jim Creek,2017,33.68899014,-117.511759,T1_NABI,,CA104177,Rock And Mortar Dam (Removed),Holy Jim Creek,33.688984,-117.5117,5.0000100070091e+13,,yes,2020,true,180703010103,CA PAD June 20 2023,20.358,2.311,3.562,23.92,yes,,-1,5.501265210323012
CA-108,CA,HJFD19,Holy Jim Creek,2017,33.68914814,-117.51172,T1_NABI,,CA104178,Rock And Mortar Dam (Removed),Holy Jim Creek,33.689133,-117.511635,5.0000100070091e+13,,yes,2017,true,180703010103,CA PAD June 20 2023,9.889,0.09,0.011,9.9,yes,,-1,8.042438233279135
CA-109,CA,Milliken Creek Dam,Milliken Creek/Napa River,2017,38.349033,-122.263458,T1_NABI,,CA99022,Silverado Resort Reservoir Dam (Removed) And Road Xing,Milliken Creek,38.349155,-122.26337,5.0000300028229e+13,,yes,2017,true,180500020204,CA PAD June 20 2023,3.36,2.321,3.36,13.285,yes,,-1,15.585892547692383
CA-110,CA,SCFD10,Silverado Creek,2017,33.75190814,-117.570491,T1_NABI,,CA104201,Rock And Mortar Dam With Spillway (Removed),Silverado Creek,33.751938,-117.570526,5.0000100069066e+13,,yes,2017,true,180702030901,CA PAD June 20 2023,7.263,3.031,0.035,7.298,yes,,-1,4.636275388151852
CA-111,CA,SCFD12,Silverado Creek,2017,33.75222714,-117.568092,T1_NABI,,CA104203,Rock And Mortar Dam With Spillway (Removed),Silverado Creek,33.75221,-117.568115,5.0000100069066e+13,,yes,2017,true,180702030901,CA PAD June 20 2023,7.12,2.888,0.034,7.154,yes,,-1,2.8555247809575035
CA-112,CA,SCFD7,Silverado Creek,2017,33.75138867,-117.5711196,T1_NABI,,CA104198,Rock And Mortar Dam With Spillway (Removed),Silverado Creek,33.751385,-117.57112,5.0000100069066e+13,,yes,2017,true,180702030901,CA PAD June 20 2023,7.315,3.083,0.249,7.564,yes,,-1,0.4097576210678681
CA-113,CA,SCFD8,Silverado Creek,2017,33.75165284,-117.5710077,T1_NABI,,CA104199,Rock And Mortar Dam With Spillway (Removed),Silverado Creek,33.751587,-117.57096,5.0000100069066e+13,,yes,2017,true,180702030901,CA PAD June 20 2023,7.298,3.066,0.017,7.315,yes,,-1,8.546723776793954
CA-114,CA,Dennett Dam,Tuolumne River,2018,37.62733,-120.98784,T1_NABI,,CA101213,Dennett Dam (Removed),Tuolumne River,37.62735,-120.98784,5.0000800005149e+13,,yes,2018,true,180400091403,CA PAD June 20 2023,494.976,98.173,494.976,4034.514,yes,,-1,2.223898532489277
CA-115,CA,HJFD1,Holy Jim Creek,2018,33.67930715,-117.517196,T1_NABI,,CA104160,Rock And Mortar Dam (Removed),Holy Jim Creek,33.679325,-117.5172,5.0000100126436e+13,,yes,2018,true,180703010103,CA PAD June 20 2023,0.801,0.277,0.801,219.07,yes,,-1,2.019044502101509
CA-116,CA,HJFD11,Holy Jim Creek,2018,33.68381514,-117.515112,T1_NABI,,CA104170,Rock And Mortar Fill Between Bedrock And Boulder (Removed),Holy Jim Creek,33.68392,-117.51521,5.0000100210982e+13,,yes,2020,true,180703010103,CA PAD June 20 2023,24.44,2.886,0.303,24.743,yes,,-1,14.77073072822164
CA-117,CA,HJFD2,Holy Jim Creek,2018,33.68053315,-117.517256,T1_NABI,,CA104161,Rock And Mortar Dam Remnants (Removed),Holy Jim Creek,33.680553,-117.5174,5.0000100126436e+13,,yes,2018,true,180703010103,CA PAD June 20 2023,0.713,0.189,0.088,0.8,yes,,-1,13.505902791799361
CA-118,CA,HJFD21,Holy Jim Creek,2018,33.69067414,-117.511821,T1_NABI,,CA104180,Rock And Mortar Dam With Spillway (Removed),Holy Jim Creek,33.690693,-117.51175,5.0000100210984e+13,,yes,2018,true,180703010103,CA PAD June 20 2023,0.029,0.029,0.02,0.049,yes,,-1,6.895495550355934
CA-119,CA,HJFD22,Holy Jim Creek,2018,33.69085714,-117.51185,T1_NABI,,CA104181,Rock And Mortar Dam With Spillway (Removed),Holy Jim Creek,33.690876,-117.51181,5.0000100210984e+13,,yes,2018,true,180703010103,CA PAD June 20 2023,0.016,0.016,0.013,0.029,yes,,-1,4.253654785335122
CA-120,CA,HJFD23,Holy Jim Creek,2018,33.69109514,-117.511764,T1_NABI,,CA104182,Rock And Mortar Dam (Removed),Holy Jim Creek,33.6911,-117.51177,5.0000100210984e+13,,yes,2020,true,180703010103,CA PAD June 20 2023,9.413,2.161,9.413,20.358,yes,,-1,0.7747189179866573
CA-121,CA,HJFD25,Holy Jim Creek,2018,33.69147814,-117.511602,T1_NABI,,CA104184,Rock And Mortar Dam With Spillway (Removed),Holy Jim Creek,33.69149,-117.51163,5.0000100210984e+13,,yes,2018,true,180703010103,CA PAD June 20 2023,0.457,0.175,0.012,0.469,yes,,-1,2.906872179997965
CA-122,CA,HJFD26,Holy Jim Creek,2018,33.69156214,-117.511527,T1_NABI,,CA104185,Rock And Mortar Dam With Spillway (Removed),Holy Jim Creek,33.691593,-117.511604,5.0000100210984e+13,,yes,2018,true,180703010103,CA PAD June 20 2023,0.45,0.168,0.007,0.457,yes,,-1,7.907271045823081
CA-123,CA,HJFD29,Holy Jim Creek,2018,33.69223914,-117.512096,T1_NABI,,CA104188,Rock And Mortar Dam With Spillway (Removed),Holy Jim Creek,33.6922,-117.51213,5.0000100210984e+13,,yes,2018,true,180703010103,CA PAD June 20 2023,0.384,0.102,0.041,0.425,yes,,-1,5.3699289512958694
CA-124,CA,HJFD30,Holy Jim Creek,2018,33.69219014,-117.512136,T1_NABI,,CA104188,Rock And Mortar Dam With Spillway (Removed),Holy Jim Creek,33.6922,-117.51213,5.0000100210984e+13,,yes,2018,true,180703010103,CA PAD June 20 2023,0.384,0.102,0.041,0.425,yes,,-1,1.2288998630275823
CA-125,CA,HJFD31,Holy Jim Creek,2018,33.69232214,-117.512348,T1_NABI,,CA104190,Rock And Mortar Dam With Spillway (Removed),Holy Jim Creek,33.6923,-117.51238,5.0000100210984e+13,,yes,2018,true,180703010103,CA PAD June 20 2023,0.368,0.086,0.016,0.384,yes,,-1,3.8504053842691444
CA-126,CA,HJFD32,Holy Jim Creek,2018,33.69251214,-117.512698,T1_NABI,,CA104191,Rock And Mortar Dam With Spillway (Removed),Holy Jim Creek,33.692505,-117.51276,5.0000100210984e+13,,yes,2018,true,180703010103,CA PAD June 20 2023,0.342,0.06,0.026,0.368,yes,,-1,5.790746519089861
CA-127,CA,HJFD33,Holy Jim Creek,2018,33.69276614,-117.51287,T1_NABI,,CA104192,Rock And Mortar Dam With Spillway (Removed),Holy Jim Creek,33.692665,-117.51298,5.0000100210984e+13,,yes,2018,true,180703010103,CA PAD June 20 2023,0.325,0.043,0.017,0.342,yes,,-1,15.167292251494708
CA-128,CA,HJFD34,Holy Jim Creek,2018,33.69283114,-117.513166,T1_NABI,,CA104193,Rock And Mortar Dam With Spillway (Removed),Holy Jim Creek,33.692787,-117.51318,5.0000100210984e+13,,yes,2018,true,180703010103,CA PAD June 20 2023,0.311,0.029,0.014,0.325,yes,,-1,5.076171104595618
CA-129,CA,HJFD34.1/35,Holy Jim Creek,2018,33.69283114,-117.513166,T1_NABI,,CA104193,Rock And Mortar Dam With Spillway (Removed),Holy Jim Creek,33.692787,-117.51318,5.0000100210984e+13,,yes,2018,true,180703010103,CA PAD June 20 2023,0.311,0.029,0.014,0.325,yes,,-1,5.076171104595618
CA-130,CA,HJFD37,Holy Jim Creek,2018,33.69300514,-117.513562,T1_NABI,,CA104056,Rock And Mortar Dam (Removed),Holy Jim Creek,33.693123,-117.51337,5.0000100126468e+13,,yes,2018,true,180703010103,CA PAD June 20 2023,8.919,1.951,0.007,8.926,yes,,-1,22.074484125803444
CA-131,CA,HJFD40,Holy Jim Creek,2018,33.69344114,-117.514166,UNLINKED,,,,,,,,,,,,,,,,,,,,,
CA-132,CA,HJFD41,Holy Jim Creek,2018,33.69345114,-117.514226,UNLINKED,,,,,,,,,,,,,,,,,,,,,
CA-133,CA,Lagunita Diversion Dam,San Francisquito Creek,2018,37.4234,-122.1742,T1_NABI,,CA33454,Lagunita,Unnamed Tributary To San Francisco Bay,37.423405,-122.17421,-1,CA00671,yes,2018,false,180500030407,NID March19 2023,-1,-1,-1,-1,no,,-1,1.0435158876495232
CA-134,CA,SJFD1,San Juan Creek,2018,33.59022515,-117.501797,UNLINKED,,,,,,,,,,,,,,,,,,,,,
CA-135,CA,SJFD10,San Juan Creek,2018,33.59066713,-117.4999048,T1_NABI,,CA104135,Rock And Mortar Dam (Removed),San Juan Creek,33.590656,-117.49995,5.0000100098699e+13,,yes,2018,true,180703010101,CA PAD June 20 2023,0.012,0.012,0.012,0.031,yes,,-1,4.365811855323909
CA-136,CA,SJFD11,San Juan Creek,2018,33.59060515,-117.499826,UNLINKED,,,,,,,,,,,,,,,,,,,,,
CA-137,CA,SJFD2,San Juan Creek,2018,33.59029615,-117.501792,T1_NABI,,CA104128,Rock And Mortar Dam (Removed),San Juan Creek,33.59032,-117.501785,5.0000100183162e+13,,yes,2018,true,180703010101,CA PAD June 20 2023,0.901,0.085,0.901,496.786,yes,,-1,2.730111207926289
CA-138,CA,SJFD28,San Juan Creek,2018,33.59726615,-117.46245,T1_NABI,,CA104146,Rock And Mortar Dam With Spillway (Removed),San Juan Creek,33.597275,-117.462456,5.0000100099606e+13,,no,0,true,180703010101,CA PAD June 20 2023,-1,-1,-1,-1,no,,-1,1.13014401953172
CA-139,CA,SJFD29,San Juan Creek,2018,33.59781615,-117.461799,T1_NABI,,CA104147,Rock And Mortar Dam (Removed),San Juan Creek,33.597824,-117.46181,5.0000100043194e+13,,no,0,true,180703010101,CA PAD June 20 2023,-1,-1,-1,-1,no,,-1,1.3416000232671452
CA-140,CA,SJFD3,San Juan Creek,2018,33.59041715,-117.501739,UNLINKED,,,,,,,,,,,,,,,,,,,,,
CA-141,CA,SJFD30,San Juan Creek,2018,33.59795315,-117.461512,T1_NABI,,CA104148,Rock And Mortar Fill With Spillway (Removed),San Juan Creek,33.597954,-117.4618,5.0000100043194e+13,,no,0,true,180703010101,CA PAD June 20 2023,-1,-1,-1,-1,no,,-1,26.674385885978403
CA-142,CA,SJFD31,San Juan Creek,2018,33.59930115,-117.461361,T1_NABI,,CA104149,Rock And Mortar Dam (Removed),San Juan Creek,33.599308,-117.46134,5.0000100155954e+13,,yes,2018,true,180703010101,CA PAD June 20 2023,138.706,3.326,12.708,151.413,yes,,-1,2.0887919492640012
CA-143,CA,SJFD4,San Juan Creek,2018,33.59047015,-117.501699,T1_NABI,,CA104129,Rock And Mortar Dam (Removed),San Juan Creek,33.590473,-117.50176,5.0000100183162e+13,,yes,2018,true,180703010101,CA PAD June 20 2023,0.89,0.074,0.011,0.901,yes,,-1,5.659117926439897
CA-144,CA,SJFD5,San Juan Creek,2018,33.59077823,-117.5015405,T1_NABI,,CA104130,Rock And Mortar Fill Between Bedrock And Boulder (Removed),San Juan Creek,33.590794,-117.501564,5.0000100183162e+13,,yes,2018,true,180703010101,CA PAD June 20 2023,0.864,0.048,0.026,0.89,yes,,-1,2.795181487172292
CA-145,CA,SJFD6,San Juan Creek,2018,33.59081143,-117.5014978,UNLINKED,,,,,,,,,,,,,,,,,,,,,
CA-146,CA,SJFD7,San Juan Creek,2018,33.59089312,-117.501019,T1_NABI,,CA104132,Rock And Mortar Fill Between Bedrock And Boulder (Removed),San Juan Creek,33.59093,-117.50107,5.0000100098699e+13,,yes,2018,true,180703010101,CA PAD June 20 2023,0.017,0.017,0.017,0.864,yes,,-1,6.255620165816829
CA-147,CA,SJFD9,San Juan Creek,2018,33.59079912,-117.50021,T1_NABI,,CA104134,Rock And Mortar Dam (Removed),San Juan Creek,33.590782,-117.50025,5.0000100098699e+13,,yes,2018,true,180703010101,CA PAD June 20 2023,0.031,0.031,0.031,0.062,yes,,-1,4.165498990813844
CA-148,CA,TCFD11,Trabuco Creek,2018,33.67436115,-117.525066,T1_NABI,,CA104126,Rock And Mortar Dam With Spillway (Removed),Arroyo Trabuco,33.674446,-117.525116,5.0000100070076e+13,,yes,2014,true,180703010103,CA PAD June 20 2023,70.002,4.831,0.009,70.011,yes,,-1,10.508316245283057
CA-149,CA,Dempster Vineyard Dam,Green Valley Creek,2018,38.486137,-122.918301,T1_NABI,,CA97798,Dempster Dam,Green Valley Creek,38.486145,-122.918144,5.0000400331677e+13,,yes,2018,true,180101100901,CA PAD June 20 2023,7.543,4.214,7.543,360.065,yes,,-1,13.694014512130023
CA-150,CA,Pennington Creek Dam,Pennington Creek,2018,35.3436,-120.7328,T1_NABI,,CA91742,Rancho El Chorro Diversion Dam With Ladder,Pennington Creek,35.34371,-120.731636,5.0000200115014e+13,,yes,2018,true,180600060502,CA PAD June 20 2023,7.231,0,7.231,7.816,yes,,-1,106.28257018155703
CA-151,CA,HJFD3,Holy Jim Creek,2019,33.68271815,-117.515912,T1_NABI,,CA104162,Rock And Mortar Dam (Removed),Holy Jim Creek,33.68279,-117.51604,5.000010012644e+13,,yes,2019,true,180703010103,CA PAD June 20 2023,0.019,0.019,0.019,219.089,yes,,-1,14.286329227230866
CA-152,CA,HJFD4,Holy Jim Creek,2019,33.68289515,-117.515878,T1_NABI,,CA104163,Rock And Mortar Dam (Removed),Holy Jim Creek,33.682934,-117.51594,5.000010012644e+13,,yes,2019,true,180703010103,CA PAD June 20 2023,0.008,0.008,0.008,0.02,yes,,-1,7.181329785591299
CA-153,CA,HJFD5,Holy Jim Creek,2019,33.68302615,-117.515863,T1_NABI,,CA104164,Rock And Mortar Dam (Removed),Holy Jim Creek,33.683044,-117.515884,5.000010012644e+13,,yes,2020,true,180703010103,CA PAD June 20 2023,24.743,2.96,24.743,243.832,yes,,-1,2.7776042065199498
CA-154,CA,Iron Horse Dam,Green Valley Creek,2019,38.46321758,-122.8967539,T1_NABI,,CA98464,Iron Horse Dam,Green Valley Creek,38.461372,-122.89597,5.0000400289436e+13,,yes,2019,true,180101100901,CA PAD June 20 2023,18.744,8.062,18.744,378.809,yes,,-1,216.27128037257822
CA-155,CA,Maria Ygnacio Debris Basin Dam East Branch,East Branch Maria Ygnacio Creek,2019,34.460633,-119.791167,T1_NABI,,CA96831,Debris Basin Dam,East Fork Maria Ygnacio Creek,34.46134,-119.790215,5.0000200144291e+13,,yes,2019,true,180600130201,CA PAD June 20 2023,3.555,0,3.555,5.648,yes,,-1,117.46585573082446
CA-156,CA,Maria Ygnacio Debris Basin Dam Main Branch,Maria Ygnacio Creek,2019,34.475239,-119.791906,T1_NABI,,CA96829,Stone Dam,Maria Ygnacio Creek,34.475117,-119.79139,5.000020014429e+13,,yes,2019,true,180600130201,CA PAD June 20 2023,2.281,0,2.281,2.372,yes,,-1,49.20654776986599
CA-157,CA,SCFD4,Silverado Creek,2019,33.59047015,-117.501699,T1_NABI,,CA104129,Rock And Mortar Dam (Removed),San Juan Creek,33.590473,-117.50176,5.0000100183162e+13,,yes,2018,true,180703010101,CA PAD June 20 2023,0.89,0.074,0.011,0.901,yes,,-1,5.659117926439897
CA-158,CA,SCFD5,Silverado Creek,2019,33.59077823,-117.5015405,T1_NABI,,CA104130,Rock And Mortar Fill Between Bedrock And Boulder (Removed),San Juan Creek,33.590794,-117.501564,5.0000100183162e+13,,yes,2018,true,180703010101,CA PAD June 20 2023,0.864,0.048,0.026,0.89,yes,,-1,2.795181487172292
CA-159,CA,SJFD12,San Juan Creek,2019,33.59060215,-117.499648,T1_NABI,,CA104137,Rock And Mortar Dam With Spillway (Removed),San Juan Creek,33.59058,-117.49976,5.0000100098699e+13,,yes,2019,true,180703010101,CA PAD June 20 2023,220.075,6.66,0.062,220.137,yes,,-1,10.662555153847883
CA-160,CA,SJFD13,San Juan Creek,2019,33.59071315,-117.499024,T1_NABI,,CA104138,Rock And Mortar Dam  (Removed),San Juan Creek,33.590763,-117.49903,5.0000100070468e+13,,yes,2019,true,180703010101,CA PAD June 20 2023,219.704,6.612,0.371,220.075,yes,,-1,5.5708582180022965
CA-161,CA,SJFD14,San Juan Creek,2019,33.59259715,-117.497336,T1_NABI,,CA104139,Rock And Mortar Dam With Spillway (Removed),San Juan Creek,33.592556,-117.49733,5.00001000422e+13,,yes,2019,true,180703010101,CA PAD June 20 2023,218.183,6.438,1.521,219.704,yes,,-1,4.609297401251494
CA-162,CA,SJFD15,San Juan Creek,2019,33.59279315,-117.496232,T1_NABI,,CA104140,Rock And Mortar Dam  (Removed),San Juan Creek,33.592823,-117.49626,5.0000100098703e+13,,yes,2019,true,180703010101,CA PAD June 20 2023,217.07,6.373,1.113,218.183,yes,,-1,4.212247173850739
CA-163,CA,SJFD17,San Juan Creek,2019,33.59266615,-117.471615,T1_NABI,,CA104150,Rock And Mortar Dam With Spillway (Removed),San Juan Creek,33.592663,-117.47161,5.0000100183618e+13,,yes,2019,true,180703010101,CA PAD June 20 2023,153.895,4.416,5.335,159.23,yes,,-1,0.5806610913775777
CA-164,CA,SJFD18,San Juan Creek,2019,33.59252015,-117.473384,T1_NABI,,CA104151,Rock And Mortar Dam With Spillway (Removed),San Juan Creek,33.592533,-117.4734,5.0000100155487e+13,,yes,2019,true,180703010101,CA PAD June 20 2023,159.23,4.543,0.317,159.547,yes,,-1,2.058624073298699
CA-165,CA,SJFD19,San Juan Creek,2019,33.59249515,-117.474884,T1_NABI,,CA104152,Rock And Mortar Dam With Remnant Spillway (Removed),San Juan Creek,33.59255,-117.47485,5.0000100155483e+13,,yes,2019,true,180703010101,CA PAD June 20 2023,159.547,4.638,0.039,159.586,yes,,-1,6.864110266591793
CA-166,CA,SJFD20,San Juan Creek,2019,33.59287715,-117.475298,T1_NABI,,CA104153,Rock And Mortar Dam (Removed),San Juan Creek,33.592888,-117.475365,5.0000100155483e+13,,yes,2019,true,180703010101,CA PAD June 20 2023,159.586,4.677,8.854,168.44,yes,,-1,6.322011263167752
CA-167,CA,SJFD21,San Juan Creek,2019,33.59209689,-117.4709178,T1_NABI,,CA104141,Rock And Mortar Dam With Remnant Spillway  (Removed),San Juan Creek,33.592117,-117.47094,5.0000100099167e+13,,yes,2019,true,180703010101,CA PAD June 20 2023,153.497,4.355,0.398,153.895,yes,,-1,3.0378532835924306
CA-168,CA,SJFD22,San Juan Creek,2019,33.59212115,-117.470796,T1_NABI,,CA104142,Rock And Mortar Dam With Spillway (Removed),San Juan Creek,33.59208,-117.47081,5.0000100099167e+13,,yes,2019,true,180703010101,CA PAD June 20 2023,153.489,4.347,0.008,153.497,yes,,-1,4.755873355485503
CA-169,CA,SJFD23,San Juan Creek,2019,33.59424715,-117.468106,T1_NABI,,CA104143,Rock And Mortar Dam (Removed),San Juan Creek,33.59419,-117.468124,5.0000100042757e+13,,yes,2019,true,180703010101,CA PAD June 20 2023,152.029,4.043,1.46,153.489,yes,,-1,6.569851496727574
CA-170,CA,SJFD24,San Juan Creek,2019,33.59212115,-117.470796,T1_NABI,,CA104142,Rock And Mortar Dam With Spillway (Removed),San Juan Creek,33.59208,-117.47081,5.0000100099167e+13,,yes,2019,true,180703010101,CA PAD June 20 2023,153.489,4.347,0.008,153.497,yes,,-1,4.755873355485503
CA-171,CA,SJFD25,San Juan Creek,2019,33.59424715,-117.468106,T1_NABI,,CA104143,Rock And Mortar Dam (Removed),San Juan Creek,33.59419,-117.468124,5.0000100042757e+13,,yes,2019,true,180703010101,CA PAD June 20 2023,152.029,4.043,1.46,153.489,yes,,-1,6.569851496727574
CA-172,CA,SJFD26,San Juan Creek,2019,33.59384097,-117.4667394,T1_NABI,,CA104144,Rock And Mortar Dam (Removed),San Juan Creek,33.593815,-117.46676,5.0000100042758e+13,,yes,2019,true,180703010101,CA PAD June 20 2023,151.742,3.959,0.287,152.029,yes,,-1,3.461157278936854
CA-173,CA,SJFD27,San Juan Creek,2019,33.59372615,-117.466307,T1_NABI,,CA104145,Rock And Mortar Dam With Spillway (Removed),San Juan Creek,33.593708,-117.46634,5.0000100014501e+13,,yes,2019,true,180703010101,CA PAD June 20 2023,151.413,3.934,0.329,151.742,yes,,-1,3.6627460612642015
CA-174,CA,Grenada Irrigation District Dam,Shasta River,2012,41.727016,-122.557544,T1_NABI,,CA625828,Grenada Irrigation District Dam,Shasta River,41.726997,-122.55753,5.0000400208386e+13,,yes,2012,true,180102070503,American Rivers Dam Removal Database,51.913,19.26,51.913,133.497,yes,,-1,2.411089783789233
CA-175,CA,Little Shasta River Flashboard Dam,Little Shasta River,2019,,,UNLINKED,,,,,,,,,,,,,,,,,,,,,
CA-176,CA,Beale Dam,Dry Creek,2020,39.108423,-121.338499,UNLINKED,,,,,,,,,,,,,,,,,,,,,
CA-177,CA,Roy's Pools Dam,San Geronimo Creek,2020,38.01267819,-122.6626789,UNLINKED,,,,,,,,,,,,,,,,,,,,,
CA-178,CA,York Dam,York Creek,2020,38.509,-122.496,T1_NABI,,CA91693,Diversion Dam On York Creek (Removed),York Creek,38.509724,-122.49593,5.0000300009952e+13,,yes,2004,true,180500020202,CA PAD June 20 2023,0.838,0.456,0.838,147.313,yes,,-1,80.73520122845288
CA-179,CA,Columbine Dam,Flint Creek,2021,37.35344,-121.7935,T1_NABI,,CA21563,Columbine,Offstream,37.35421,-121.79323,-1,CA00682,yes,2021,false,180500030201,NID March19 2023,-1,-1,-1,-1,no,,-1,88.88387715829451
CA-180,CA,Lower Mill Creek Dam ,Mill Creek,2021,37.04256,-122.1686,T1_NABI,,CA98347,Concrete Slab Dam,Mill Creek,37.042923,-122.17016,5.0000300028417e+13,,yes,2021,true,180500060304,CA PAD June 20 2023,2.097,1.008,2.097,14.72,yes,,-1,144.22025157757056
CA-181,CA,Cedar Creek Hatchery Dam,Cedar Creek,2022,39.8398,-123.7075,T1_NABI,,CA101084,Remnant Of Hatchery Structure,Cedar Creek,39.84021,-123.70726,5.0000400050931e+13,,yes,2022,true,180101060105,CA PAD June 20 2023,3.173,2.48,3.173,6630.136,yes,,-1,49.98324997040411
CA-182,CA,Copco 2 Dam,Klamath River,2023,41.97902,-122.34025,T1_NABI,,CA70535,Copco No 2,Klamath River,41.97921,-122.340546,5.0000400166697e+13,CA00324,yes,2023,true,180102060502,NID March19 2023,0.365,0.365,0.365,190.205,yes,,-1,32.32674692964158
CA-183,CA,Double U Fish Ranch Dam,Howards Gulch,2023,41.4555,-120.9008,T1_NABI,,CA23556,Double U Fish Ranch,,41.455505,-120.90081,-1,CA10414,yes,2023,false,180200021203,NID March19 2023,-1,-1,-1,-1,no,,-1,1.0018073190516692
CA-184,CA,East Weaver Creek Dam,East Weaver Creek,2023,40.776989,-122.929808,T1_NABI,,CA100084,Day Ranch/East Weaver Dam,East Weaver Creek,40.777077,-122.92995,5.0000400331563e+13,,yes,2023,true,180102110705,CA PAD June 20 2023,1.621,0.588,1.621,1959.133,yes,,-1,15.450415878210471
CA-185,CA,Copco No. 1 Dam,Klamath River,2024,41.9796,-122.3352,T1_NABI,,CA80029,Copco No 1,Klamath River,41.97944,-122.33451,5.0000400124326e+13,CA00323,yes,2024,true,180102060502,NID March19 2023,161.185,34.098,161.185,351.025,yes,,-1,59.74616722384998
CA-186,CA,Iron Gate Dam,Klamath River,2024,41.9349,-122.4367,T3_NAME_VALIDATED,,CA56160,Iron Gate,Klamath River,41.934444,-122.43572,5.0000400209141e+13,CA00325,yes,2024,true,180102060502,NID March19 2023,368.478,64.243,368.478,5418.735,yes,,-1,95.61596558864083
CA-187,CA,Neefus Gulch Earthen Berm Dam,Neefus Gulch,2024,39.178768,-123.571129,T1_NABI,,CA101330,Neefus Gulch Reservoir Dam,Neefus Gulch,39.178795,-123.57106,5.0000400098033e+13,,yes,2024,true,180101080407,CA PAD June 20 2023,1.424,0.055,1.424,608.07,yes,,-1,6.662323624698598
CA-188,CA,Pickell's Dam,Little Arthur Creek,2024,37.02946,-121.67787,UNLINKED,,,,,,,,,,,,,,,,,,,,,
CA-189,CA,Jenny Creek Diversion Dam,Jenny Creek,2025,41.983,-122.382,T1_NABI,,CA104435,Jenny Creek Diversion Dam,Jenny Creek,41.982895,-122.38187,5.0000400337745e+13,,yes,2025,true,180102060406,CA PAD June 20 2023,0.105,0.105,0.105,0.616,yes,,-1,15.867507312361347
CA-190,CA,Inskip Dam,South Fork Battle Creek,2025,40.395273,-121.883164,T1_NABI,,CA102738,Inskip Dam (Removed),South Fork Battle Creek,40.39538,-121.88308,5.0000900396414e+13,,yes,2025,true,180201530204,CA PAD June 20 2023,69.377,11.432,69.377,143.448,yes,,-1,13.862234487031401
OR-001,OR,Lafayette Locks Dam,Yamhill Basin,1963,45.23082,-123.104,T1_NABI,,OR1312,Yamhill Dam And Locks,Yamhill River,45.23032,-123.10406,5.5000900042001e+13,,yes,1963,true,170900080703,ODFW fish passage databaseJun102022,14.261,14.261,14.261,1461.997,yes,,-1,55.795650076264806
OR-002,OR,Catching Dam,North Fork Middle Fork Willamette River,1994,43.75717,-122.499,T1_NABI,,OR6544,Catching Dam,North Fork Middle Fork Willamette River,43.757145,-122.499,5.5000900088743e+13,,yes,1994,true,170900010608,American Rivers Dam Removal Database 02/24/2023,577.661,219.388,577.661,1295.132,yes,,-1,2.779873165788427
OR-003,OR,Marie Dorian Dam,Walla Walla River,1997,45.90616,-118.366,T1_NABI,,OR6545,Marie Dorian Dam,Walla Walla River,45.90604,-118.36615,5.5000400203354e+13,,yes,1997,true,170701020106,American Rivers Dam Removal Database 02/24/2023,0.997,0.499,0.997,63.1,yes,,-1,17.684620498651817
OR-004,OR,Jackson Street Dam,Bear Creek,1998,42.33172,-122.872,T1_NABI,,OR1131,Bear Creek Diversion Dam,Bear Creek,42.331707,-122.87129,5.5000100349013e+13,,yes,1998,true,171003080110,ODFW fish passage databaseJun102022,0.629,0.629,0.629,12.707,yes,,-1,58.381170187106015
OR-005,OR,Alphonso Dam,Evans Creek,1999,42.59494,-122.975,T1_NABI,,OR6546,Alphonso Dam,Evans Creek,42.595165,-122.97485,5.5000100416732e+13,,yes,1999,true,171003080301,American Rivers Dam Removal Database 02/24/2023,57.144,8.078,57.144,60.069,yes,,-1,27.869431069084616
OR-006,OR,Unnamed Dam,Poorman Creek,1999,,,UNLINKED,,,,,,,,,,,,,,,,,,,,,
OR-007,OR,Lithia Park Dam 1,Ashland Creek,2000,42.1977,-122.716,T1_NABI,,OR6547,Lithia Park Dam 2,Ashland Creek,42.197582,-122.71604,5.5000100947133e+13,,yes,2000,true,171003080106,American Rivers Dam Removal Database 02/24/2023,6.22,1.391,0.191,6.411,yes,,-1,13.528420919780158
OR-008,OR,Lithia Park Dam 2,Ashland Creek,2000,42.19758,-122.716,T1_NABI,,OR6547,Lithia Park Dam 2,Ashland Creek,42.197582,-122.71604,5.5000100947133e+13,,yes,2000,true,171003080106,American Rivers Dam Removal Database 02/24/2023,6.22,1.391,0.191,6.411,yes,,-1,3.3025708424962077
OR-009,OR,Lithia Park Dam 3,Ashland Creek,2000,42.19609,-122.716,T1_NABI,,OR6548,Lithia Park Dam 3,Ashland Creek,42.19609,-122.71611,5.5000100947133e+13,,yes,2000,true,171003080106,American Rivers Dam Removal Database 02/24/2023,6.112,1.283,0.108,6.22,yes,,-1,9.061669068005017
OR-010,OR,Krouse-Haggar Push-up Dam,Applegate River,2002,42.27621,-123.212,T1_NABI,,OR6549,Krouse-Haggar Push-Up Dam,Applegate River,42.276245,-123.212,5.5000100713411e+13,,yes,2002,true,171003090405,American Rivers Dam Removal Database 02/24/2023,128.818,19.644,128.818,275.569,yes,,-1,3.89182243309405
OR-011,OR,Byrne Diversion Dam,Beaver Creek,2002,42.11655,-123.052,T1_NABI,,OR6550,Byrne Diversion Dam,Beaver Creek,42.116592,-123.05198,5.5000100945876e+13,,yes,2002,true,171003090202,American Rivers Dam Removal Database 02/24/2023,5.315,0.462,5.315,17.603,yes,,-1,4.952977226003407
OR-012,OR,Maple Gulch Diversion Dam,Evans Creek,2002,42.5787,-123.0377,T1_NABI,,OR6551,Maple Gulch Diversion Dam,,42.578648,-123.03749,5.5000100416421e+13,,yes,2002,true,171003080304,American Rivers Dam Removal Database 02/24/2023,15.65,1.945,15.65,113.435,yes,,-1,18.140610642283214
OR-013,OR,Rock Creek Dam,Tributary to the Powder River,2002,44.904014,-118.068178,T1_NABI,,OR6552,Rock Creek Dam,Rock Creek,44.909473,-118.06197,5.500070022562e+13,,yes,2002,true,170502030404,American Rivers Dam Removal Database 02/24/2023,30.616,20.689,30.616,578.698,yes,,-1,779.4204444924287
OR-014,OR,Dinner Creek Dam,Dinner Creek,2003,,,UNLINKED,,,,,,,,,,,,,,,,,,,,,
OR-015,OR,Buck & Jones Diversion Dam,Little Applegate River,2003,42.17507,-123.003,T1_NABI,,OR6553,Buck & Jones Diversion Dam,Little Applegate River,42.17513,-123.00201,5.5000100201023e+13,,yes,2003,true,171003090304,American Rivers Dam Removal Database 02/24/2023,39.873,3.802,39.873,58.046,yes,,-1,81.8544508572442
OR-016,OR,Unnamed Dam,Wagner Creek,2003,,,UNLINKED,,,,,,,,,,,,,,,,,,,,,
OR-017,OR,Brownsville Dam,Calapooia River,2007,44.38784,-122.933,T1_NABI,,OR6554,Brownsville Dam,Calapooia River,44.387836,-122.933,5.5000900182943e+13,,yes,2007,true,170900030305,American Rivers Dam Removal Database 02/24/2023,243.413,117.046,243.413,259.035,yes,,-1,0.44477970621492613
OR-018,OR,Marmot Dam,Sandy River,2007,45.39956,-122.133,T1_NABI,,OR6555,Marmot Dam,Sandy River,45.39946,-122.13293,5.5000300232754e+13,,yes,2007,true,170800010402,American Rivers Dam Removal Database 02/24/2023,627.492,302.48,627.492,8738.571,yes,,-1,12.39004635439893
OR-019,OR,South Fork Klaskanine Dam,South Fork Klaskanine River,2007,46.05169,-123.726,T1_NABI,,OR6556,South Fork Klaskanine Dam,South Fork Klaskanine River,46.051674,-123.72569,5.500030021478e+13,,yes,2007,true,170800060202,American Rivers Dam Removal Database 02/24/2023,19.728,2.774,19.728,8130.808,yes,,-1,23.98885921207747
OR-020,OR,Elk Creek Dam,Elk Creek,2008,42.67935,-122.737,UNLINKED,,,,,,,,,,,,,,,,,,,,,
OR-021,OR,Gold Hill Dam,Rogue River,2008,42.4591,-123.021,T1_NABI,,OR2581,Gold Hill Irrigation District Diversion Dam,Rogue River,42.458656,-123.021965,5.5000100053626e+13,,yes,2008,true,171003080203,ODFW fish passage databaseJun102022,112.67,13.267,112.67,120.542,yes,,-1,93.29745176832994
OR-022,OR,Chiloquin Dam,Sprague River,2008,42.56261,-121.862,T1_NABI,,OR6557,Chiloquin Dam,Modoc Point Main Canal,42.562588,-121.862,5.0000400170686e+13,OR03753,yes,2008,true,180102020715,American Rivers Dam Removal Database 02/24/2023,-1,-1,-1,-1,no,,-1,2.4462883866577245
OR-023,OR,Savage Rapids Dam,Rogue River,2009,42.42057,-123.23,T1_NABI,,OR6558,Savage Rapids Dam,,42.420452,-123.229996,5.5000100776649e+13,,yes,2009,true,171003080401,American Rivers Dam Removal Database 02/24/2023,-1,-1,-1,-1,no,,-1,13.12510895565531
OR-024,OR,Gold Ray Dam,Rogue River,2010,42.4369,-122.984,T1_NABI,,OR6559,Gold Ray Dam,Rogue River,42.43665,-122.98527,5.500010032065e+13,OR00595,yes,2010,true,171003080202,American Rivers Dam Removal Database 02/24/2023,1208.538,238.04,1208.538,1328.613,yes,,-1,107.8653613715978
OR-025,OR,Powerdale Dam,Hood River,2010,45.66498,-121.524,T1_NABI,,OR6560,Powerdale Dam,Hood River,45.664864,-121.52389,5.5000400174649e+13,,yes,2010,true,170701050703,American Rivers Dam Removal Database 02/24/2023,117.846,47.814,117.846,1569.473,yes,,-1,15.473920175881032
OR-026,OR,Sodom Dam,Calapooia River,2011,44.40967,-123.045,T1_NABI,,OR6561,Sodom Dam,Sodom Ditch,44.409855,-123.044785,5.5000900112067e+13,,yes,2011,true,170900030305,American Rivers Dam Removal Database 02/24/2023,-1,-1,-1,-1,no,,-1,26.73623157582989
OR-027,OR,Fivemile Creek Irrigation Diversion Dam,Fivemile Creek,2010,42.4693,-121.1135,T1_NABI,,OR6562,Fivemile Creek Irrigation Diversion Dam,Fivemile Creek,42.46927,-121.11354,5.0000400084506e+13,,no,0,true,180102020506,American Rivers Dam Removal Database 02/24/2023,1.075,1.075,1.075,290.194,yes,dam,1.075,4.678887778593739
OR-028,OR,South Fork Necanicum Diversion Dam,South Fork Necanicum,2012,45.5336,-123.5,T1_NABI,,OR6563,South Fork Necanicum Diversion Dam,,45.5336,-123.5,-1,,yes,2012,false,171002030505,American Rivers Dam Removal Database 02/24/2023,-1,-1,-1,-1,no,,-1,0.0
OR-029,OR,Campbell Road Diversion Dam,South Fork Sprague River,2012,42.4154,-121.0178,T1_NABI,,OR996,S Fk Sprague River Weir At Campbell (Bly Divdam),South Fork Sprague River,42.41544,-121.01773,5.0000400212794e+13,,yes,2012,true,180102020406,ODFW fish passage databaseJun102022,163.53,81.457,163.53,231.83,yes,,-1,7.2666854260187606
OR-030,OR,Valsetz Dam ,South Fork Siletz River,2012,44.8511,-123.668,T1_NABI,,OR6564,Valsetz Dam,South Fork Siletz River,44.85133,-123.66743,5.5000100438028e+13,,yes,2012,true,171002040403,American Rivers Dam Removal Database 02/24/2023,148.164,69.625,148.164,306.166,yes,,-1,51.70189751141054
OR-031,OR,Sisters Dam Removal (Leithauser Dam),Wychus Creek,2012,44.2857,-121.548,T1_NABI,,OR1023,Leithauser Dam,Whychus Creek,44.285812,-121.54788,5.5000400243233e+13,,yes,2012,true,170703010702,ODFW fish passage databaseJun102022,1.555,1.555,1.555,46.688,yes,,-1,15.695230068622992
OR-032,OR,Confluence Dam Removal,Allen Creek,2012,,,UNLINKED,,,,,,,,,,,,,,,,,,,,,
OR-033,OR,Ward Dam Removal,Mckay Creek,2012,,,UNLINKED,,,,,,,,,,,,,,,,,,,,,
OR-034,OR,Taylor Dam ,Birch Creek,2012,45.65192,-118.879,T1_NABI,,OR6565,Taylor Dam,Birch Creek,45.65196,-118.87888,5.5000400234529e+13,,yes,2012,true,170701030609,American Rivers Dam Removal Database 02/24/2023,8.207,0,8.207,251.456,yes,,-1,10.333451533883805
OR-035,OR,Low Dam Removal,Birch Creek,2012,45.2581,-118.534,T1_NABI,,OR6566,Low Dam Removal,,45.259262,-118.53401,5.5000600222918e+13,,yes,2012,true,170601040202,American Rivers Dam Removal Database 02/24/2023,0,0,0,0,yes,,-1,129.2108754548717
OR-036,OR,Shear Dam,,2011,44.40985,-123.045,T1_NABI,,OR6567,Shear Dam,Sodom Ditch,44.409927,-123.044914,5.5000900112067e+13,,yes,2011,true,170900030305,American Rivers Dam Removal Database 02/24/2023,-1,-1,-1,-1,no,,-1,10.95321892275694
OR-037,OR,Corral Creek Dam,Corral Creek,2013,45.17544,-122.506,T1_NABI,,OR7087,Corral Creek Dam,Corral Creek,45.17548,-122.505165,5.5000900054563e+13,,yes,2013,true,170900090605,American Rivers Dam Removal Database,0.007,0,0.007,2.354,yes,,-1,65.60287354117588
OR-038,OR,Cox Creek Dam ,Cox Creek,2013,44.64355,-123.072,T1_NABI,,OR6568,Cox Creek Dam,Cox Creek,44.643417,-123.071884,5.500090024988e+13,,yes,2013,true,170900030610,American Rivers Dam Removal Database 02/24/2023,0.218,0.067,0.218,4581.532,yes,,-1,17.405017001546693
OR-039,OR,Hamby Dam ,Birch Creek,2013,45.4691,-118.858,T1_NABI,,OR2978,,West Birch Creek,45.469063,-118.858376,5.5000400200597e+13,,yes,2013,true,170701030606,ODFW fish passage databaseJun102022,238.742,37.83,238.742,238.859,yes,,-1,29.607850391048625
OR-040,OR,Sandy River Delta Dam ,Sandy River,2013,45.55352,-122.378,T1_NABI,,OR6569,Sandy River Delta Dam,,45.554516,-122.378,5.5000300408021e+13,,yes,2013,true,170800010804,American Rivers Dam Removal Database 02/24/2023,-1,-1,-1,-1,no,,-1,110.75014693805396
OR-041,OR,Stearns Dam,Crooked River,2013,44.20394,-120.875,T1_NABI,,OR6239,Stearns Dam,Crooked River,44.204136,-120.87476,5.5000400247181e+13,,yes,2013,true,170703050102,BLMOct012022,70.559,13.701,70.559,76.551,yes,,-1,28.999518623393843
OR-042,OR,Tokay Canal Dam ,Jones Creek,2013,42.4431,-123.286,T1_NABI,,OR873,Tokay Canal,West Fork Jones Creek,42.443817,-123.285736,5.5000100834072e+13,,yes,2013,true,171003080401,ODFW fish passage databaseJun102022,19.843,0.333,19.843,26.213,yes,,-1,82.61736013362189
OR-043,OR,Wright Dam,Mill Creek,2013,45.5758,-121.237,T1_NABI,,OR3113,,Mill Creek,45.57592,-121.23686,5.5000400073802e+13,,yes,2013,true,170701050404,ODFW fish passage databaseJun102022,1.005,0.268,1.005,1.168,yes,,-1,17.227327914131536
OR-044,OR,Zell Dam,Walla Walla,2013,45.90259,-118.358,T1_NABI,,OR6570,Zell Dam,Walla Walla River,45.902363,-118.35805,5.5000400271377e+13,,yes,2013,true,170701020106,American Rivers Dam Removal Database 02/24/2023,18.813,3.832,18.813,81.913,yes,,-1,25.536037415211545
OR-045,OR,Hoeft Dam,Birch Creek,2014,45.50523,-118.82,T1_NABI,,OR2979,,Birch Creek,45.505234,-118.819984,5.5000400029678e+13,,yes,2014,true,170701030608,ODFW fish passage databaseJun102022,183.584,48.916,183.584,189.176,yes,,-1,1.3238395505980258
OR-046,OR,Pine Meadow Ranch Dam ,Whychus Creek,2014,44.26825,-121.558,T1_NABI,,OR2713,Sokol Dam,Whychus Creek,44.268253,-121.55846,5.5000400141149e+13,,yes,2014,true,170703010702,ODFW fish passage databaseJun102022,3.153,3.153,3.153,49.841,yes,,-1,36.6287529631469
OR-047,OR,Little Sandy River Dam,Little Sandy River,2008,45.41476,-122.178,T1_NABI,,OR6571,Little Sandy River Dam,Little Sandy River,45.414925,-122.17805,5.5000300334579e+13,OR02213,yes,2008,true,170800010505,American Rivers Dam Removal Database 02/24/2023,36.605,15.501,36.605,8794.881,yes,,-1,18.75766452328614
OR-048,OR,Hogan Cedars Dam,Johnson Creek,2001,45.477467,-122.410543,T1_NABI,,OR3056,,Johnson Creek,45.477505,-122.41066,5.5000900264658e+13,,yes,2001,true,170900120101,ODFW fish passage databaseJun102022,39.623,18.168,39.623,52.288,yes,,-1,10.053414420843078
OR-049,OR,Canyon Creek Meadows Dam,Canyon Creek,2015,44.2368,-118.7719,T1_NABI,,OR6572,Canyon Creek Meadows Reservoir,Canyon Creek,44.236908,-118.778564,5.5000400166996e+13,OR00385,yes,2015,true,170702010701,American Rivers Dam Removal Database 02/24/2023,15.757,7.284,15.757,195.183,yes,,-1,531.0363103375163
OR-050,OR,Fielder Dam,Evans Creek,2015,42.4756,-123.1825,T1_NABI,,OR6573,Fielder Dam,Evans Creek,42.475643,-123.18256,5.5000100415432e+13,,yes,2015,true,171003080306,American Rivers Dam Removal Database 02/24/2023,138.91,17.059,138.91,1781.287,yes,,-1,6.861192099217574
OR-051,OR,Wimer Dam,Evans Creek,2015,42.5453,-123.1316,T1_NABI,,OR6574,Wimer Dam,Evans Creek,42.545364,-123.13172,5.5000100894488e+13,,yes,2015,true,171003080306,American Rivers Dam Removal Database 02/24/2023,93.696,10.494,21.883,115.579,yes,,-1,12.136135805027095
OR-052,OR,Odell Dam,Hood River,2016,45.650955,-121.542716,T1_NABI,,OR6575,Odell Dam,Odell Creek,45.650898,-121.54263,5.5000400003437e+13,,yes,2016,true,170701050702,American Rivers Dam Removal Database 02/24/2023,35.791,10.901,35.791,36.229,yes,,-1,9.211734747430446
OR-053,OR,Million Irrigation Ditch Dam,Ashland Creek,2012,42.199398,-122.714438,T1_NABI,,OR2710,Helman Diversion,Ashland Creek,42.19958,-122.714195,5.5000100947133e+13,,yes,2000,true,171003080106,ODFW fish passage databaseJun102022,6.411,1.582,0.181,6.592,yes,,-1,28.464622112597176
OR-054,OR,Dillon Diversion Dam ,Umatilla River,2017,45.758197,-119.215925,T1_NABI,,OR6576,Dillon Diversion Dam,,45.75817,-119.21581,5.5000400026981e+13,,yes,2017,true,170701030706,American Rivers Dam Removal Database 02/24/2023,0,0,0,0,yes,,-1,9.413237805723723
OR-055,OR,Beeson-Robinson Diversion Dam,Wagner Creek,2017,42.227532,-122.793312,T1_NABI,,OR2668,Lower Wagner Diversion,Wagner Creek,42.227,-122.79162,5.5000100749651e+13,,yes,2017,true,171003080108,ODFW fish passage databaseJun102022,1.58,0.039,1.58,68.527,yes,,-1,151.35518079873268
OR-056,OR,C-2 Meyers 1,Salt Creek (Little Butte Creek),2018,42.451,-122.628,T1_NABI,,OR6577,C-2 Meyers 1,Salt Creek,42.451157,-122.62814,5.5000100793426e+13,,yes,2018,true,171003070808,American Rivers Dam Removal Database 02/24/2023,2.704,0.262,1.142,3.846,yes,,-1,20.89748729216851
OR-057,OR,C-2 Meyers 2,Salt Creek (Little Butte Creek),2018,42.545,-122.626,T1_NABI,,OR6578,C-2 Meyers 2,,42.54499,-122.62589,5.5000100279985e+13,,yes,2018,true,171003070407,American Rivers Dam Removal Database 02/24/2023,0.066,0,0.066,32.478,yes,,-1,9.079816785529095
OR-058,OR,Forest Creek Dam,Forest Creek,2018,42.242488,-123.035972,T1_NABI,,OR6579,Forest Creek Dam,,42.242535,-123.035545,5.5000100748761e+13,,yes,2018,true,171003090402,American Rivers Dam Removal Database 02/24/2023,8.529,0.242,8.529,110.562,yes,,-1,35.536296406559515
OR-059,OR,Hartman Ditch Dam,Humbug Creek,2018,42.301181,-123.131967,T1_NABI,,OR3675,,Humbug Creek,42.301174,-123.131935,5.5000100213935e+13,,yes,2018,true,171003090403,ODFW fish passage databaseJun102022,16.064,2.046,16.064,108.755,yes,,-1,2.7444261878781298
OR-060,OR,Jamison Dam,Jamison Creek,2018,42.18918,-123.211249,T1_NABI,,OR3666,,Jamison Creek,42.189125,-123.21142,5.5000100534772e+13,,yes,2018,true,171003090404,ODFW fish passage databaseJun102022,12.289,2.089,12.289,31.075,yes,,-1,15.35847911049391
OR-061,OR,Smith-Meyer-Roper Dam,Ashland Creek,2019,42.203985,-122.711699,T1_NABI,,OR7088,Smith-Meyer-Roper Dam,Ashland Creek,42.203907,-122.711624,5.5000100947133e+13,,yes,2019,true,171003080106,American Rivers Dam Removal Database,6.76,1.931,0.122,6.882,yes,,-1,10.648367995880331
OR-062,OR,Kelley Creek Dam,"Kelley Creek, tributary to Johnson Creek",2020,45.46596,-122.49294,T1_NABI,,OR3048,,Mitchell Creek,45.466644,-122.49121,5.5000900192797e+13,,yes,2020,true,170900120101,ODFW fish passage databaseJun102022,0.309,0.309,0.309,3.667,yes,,-1,154.87458921260145
OR-063,OR,Lower Bridgepoint Dam,"Williams Creek, tributary to the Applegate River, tributary to the Rogue River",2020,42.287164,-123.237821,T1_NABI,,OR1100,Lower Bridgepoint Push-Up Dam,Williams Creek,42.286976,-123.23749,5.5000100629252e+13,,yes,2020,true,171003090503,ODFW fish passage databaseJun102022,34.129,5.627,34.129,35.645,yes,,-1,34.32744519926873
OR-064,OR,North Fork Klaskanine Dam,"North Fork Klaksanine,tributary to Young's River, tributary to the Columbia River",2020,46.086151,-123.716368,T1_NABI,,OR7089,North Fork Klaskanine Dam,"North Fork Klaksanine,Tributary To Young'S River, Tributary To The Columbia River",46.086067,-123.71654,5.5000300266295e+13,,yes,2020,true,170800060201,American Rivers Dam Removal Database,27.409,4.852,2.077,29.485,yes,,-1,16.223539764012973
OR-065,OR,Mill Creek Dam,Miller Creek,2008,43.152717,-121.826319,T1_NABI,,OR6580,Mill Creek Dam,Miller Creek,43.152718,-121.82632,5.0000400128283e+13,,yes,2008,true,180102010204,American Rivers Dam Removal Database 02/24/2023,34.939,18.658,2.206,37.145,yes,,-1,0.13764022323236857
OR-066,OR,South Fork Big Butte Dam,South Fork Little Butte,2011,42.536225,-122.545186,T1_NABI,,OR6581,South Fork Big Butte Dam,South Fork Big Butte Creek,42.536274,-122.54524,5.5000100837407e+13,,yes,2011,true,171003070404,American Rivers Dam Removal Database 02/24/2023,197.467,97.727,197.467,209.093,yes,,-1,7.018712483095827
OR-067,OR,Sardine Creek Dam,Sardine Creek,2012,42.477628,-123.072381,T1_NABI,,OR6582,Sardine Creek Dam,Sardine Creek,42.477676,-123.07246,5.5000100686371e+13,,yes,2012,true,171003080205,American Rivers Dam Removal Database 02/24/2023,11.157,1.331,11.157,17.674,yes,,-1,8.394218672593015
OR-068,OR,East Fork Jones Creek Dam,East Fork Jones Creek,2015,42.445828,-123.277769,T1_NABI,,OR6583,East Fork Jones Creek Dam,East Fork Jones Creek,42.44575,-123.27767,5.5000100304977e+13,,yes,2015,true,171003080401,American Rivers Dam Removal Database 02/24/2023,20.594,3.458,20.594,46.807,yes,,-1,11.88321820735842
OR-069,OR,Penzer Diversion Dam,Ditch Creek,2017,42.572847,-123.187681,T1_NABI,,OR3361,Water diversion,Ditch Creek,42.573242,-123.18889,5.5000100483653e+13,,yes,2017,true,171003080305,ODFW fish passage databaseJun102022,11.246,1.438,11.246,14.68,yes,,-1,108.30556434283342
OR-070,OR,Powell Creek Dam,Powell Creek,2017,42.266481,-123.287967,T1_NABI,,OR6584,Powell Creek Dam,Powell Creek,42.266468,-123.287964,5.5000100590527e+13,,yes,2017,true,171003090503,American Rivers Dam Removal Database 02/24/2023,6.62,0.697,6.62,7.917,yes,,-1,1.4664613981206016
OR-071,OR,Palmer Creek Dam,Palmer Creek,2018,42.105033,-123.096656,T1_NABI,,OR3679,Palmer Creek Dam,Palmer Creek,42.105038,-123.09495,5.5000100932893e+13,,yes,2018,true,171003090201,ODFW fish passage databaseJun102022,43.731,11.993,43.731,114.732,yes,,-1,140.7416576918339
OR-072,OR,Klaskanine Hatchery Intake Dam,North Fork Klaskanine,2020,46.0885,-123.717352,T1_NABI,,OR1188,Klaskanine Hatchery Dam,North Fork Klaskanine River,46.088505,-123.71737,5.5000300317757e+13,,yes,2020,true,170800060201,ODFW fish passage databaseJun102022,29.486,5.122,29.486,8823.631,yes,,-1,1.4953387907337177
OR-073,OR,Breitenbush Diversion Dam,Breitenbush Creek,2021,44.78169,-121.97365,T1_NABI,,OR6585,Breitenbush Diversion Dam,Breitenbush River,44.78164,-121.973755,5.500090003335e+13,,yes,2021,true,170900050104,American Rivers Dam Removal Database 02/24/2023,175.824,46.046,175.824,908.653,yes,,-1,9.979403746901536
OR-074,OR,Eagle Fern Dam,North Fork Eagle Creek,2021,45.324142,-122.289144,T1_NABI,,OR6586,Eagle Fern Dam,Eagle Creek,45.324047,-122.289024,5.5000900026314e+13,,yes,2021,true,170900110503,American Rivers Dam Removal Database 02/24/2023,23.135,12.21,23.135,79.445,yes,,-1,14.128122961888112
OR-075,OR,Harboldt Dam,Slate Creek,2021,42.348247,-123.556883,T1_NABI,,OR3669,Harboldt Diversion Dam,Slate Creek,42.34855,-123.55656,5.5000100941894e+13,,yes,2021,true,171003090604,ODFW fish passage databaseJun102022,0.673,0.315,0.012,0.685,yes,,-1,42.89226204811459
OR-076,OR,Plainview Dam,Whychus Creek,2021,,,UNLINKED,,,,,,,,,,,,,,,,,,,,,
OR-077,OR,South Fork Fish Lake Creek Passage Weirs 1 & 2,"Lake Creek, tributary to Metolius River",2021,44.435612,-121.673803,T1_NABI,,OR6587,South Fork Fish Lake Creek Passage Weirs 1 & 2,South Fork Lake Creek,44.4356,-121.67379,5.5000400208074e+13,,yes,2021,true,170703010904,American Rivers Dam Removal Database 02/24/2023,-1,-1,-1,-1,no,,-1,1.686957990471823
OR-078,OR,Three Rivers - Cedar Creek Weir Dam,Cedar Creek,2021,45.21368456,-123.846122,T1_NABI,,OR876,Cedar Creek Hatchery Weir,Three Rivers,45.212612,-123.84803,5.5000100340214e+13,,yes,2021,true,171002030208,ODFW fish passage databaseJun102022,0.857,0,0.857,736.564,yes,,-1,191.21240871828283
OR-079,OR,Welter Creek Dams #1 and #2,Welter Creek,2021,42.348308,-123.555811,T1_NABI,,OR2624,Chapman Dam,Welter Creek,42.34851,-123.5556,5.5000100903962e+13,,yes,2021,true,171003090604,ODFW fish passage databaseJun102022,0.716,0.233,0.716,6.695,yes,,-1,28.37583558343772
OR-080,OR,Farmers Ditch Irrigation Dam,Little Applegate River,2012,42.18402,-123.018,T1_NABI,,OR6588,Farmers Ditch Irrigation Dam,,42.18388,-123.01771,5.5000100564292e+13,,yes,2012,true,171003090304,American Rivers Dam Removal Database 02/24/2023,0.657,0,0.657,105.867,yes,,-1,28.518151021166428
OR-081,OR,Bailey Nursery Dam,Salt Creek ,2022,45.34937,-123.222351,T1_NABI,,OR6589,Bailey Nursery Dam,Salt Creek,45.34928,-123.222084,5.5000900040219e+13,,yes,2022,true,170900080604,American Rivers Dam Removal Database 02/24/2023,11.496,4.689,11.496,615.433,yes,,-1,23.140802580664033
OR-082,OR,Balm Grove Dam,Gales Creek ,2022,45.59845,-123.21711,T1_NABI,,OR1218,Balm Grove Dam,Gales Creek,45.59724,-123.21616,5.5000900074923e+13,,yes,2022,true,170900100102,ODFW fish passage databaseJun102022,15.381,8.485,15.381,1424.173,yes,,-1,153.51077486606695
OR-083,OR,Deep Creek Middle Diversion Dam ,Deep Creek ,2022,42.1758,-119.916,T1_NABI,,OR3687,Middle Diversion Dam,Deep Creek,42.175846,-119.915985,5.5000200008163e+13,,yes,2002,true,171200070310,ODFW fish passage databaseJun102022,0.217,0.217,0.079,0.296,yes,,-1,5.262202319621347
OR-084,OR,Prineville Country Club Diversion Dam (Lower Ochoco Creek Dam),Ochoco Creek,2022,44.299458,-120.758414,T1_NABI,,OR1118,Prineville Golf And Country Club Dam,Ochoco Creek,44.29947,-120.75845,5.5000400111597e+13,,yes,2022,true,170703050403,ODFW fish passage databaseJun102022,0.446,0.446,0.446,11.591,yes,,-1,3.1604488847994534
OR-085,OR,Lady Creek Dam,Lady Creek ,2022,45.31521,-121.83731,T1_NABI,,OR6590,Lady Creek Dam,Lady Creek,45.315258,-121.83737,5.5000300236956e+13,,yes,2022,true,170800010202,American Rivers Dam Removal Database 02/24/2023,1.483,0.996,1.483,8825.114,yes,,-1,7.1062116170188725
OR-086,OR,Baker Creek Dam,Baker Creek,2023,45.389665,-122.92082,T1_NABI,,OR2281,Wellspring Dam,Unnamed Trib Heaton Creek,45.387005,-122.93777,5.5000900148176e+13,,no,0,true,170900100405,ODFW fish passage databaseJun102022,0.814,0.526,0.814,361.287,yes,,0,1356.3030604836126
OR-087 to OR-088,OR,Krumwiede Diversion 1 & 2 Pushup Dams,Salt Creek ,2023,42.44,-122.64,T1_NABI,,OR2409,Long Branch Reservoir,Long Branch Creek,42.43708,-122.63718,5.5000100403923e+13,,no,0,true,171003070807,ODFW fish passage databaseJun102022,22.249,1.701,22.249,72.323,yes,dam,2.966,398.71787041965854
OR-089,OR,Lost Creek Dam,Lost Creek,2023,42.36566,-122.582798,T1_NABI,,OR3451,,Lost Creek,42.364017,-122.58329,5.5000100349958e+13,,yes,2023,true,171003070806,ODFW fish passage databaseJun102022,39.513,9.967,39.513,58.552,yes,,-1,187.1116376182695
OR-090,OR,Lovelace Dam ,Slate Creek,2023,42.37765,-123.493604,T1_NABI,,OR2621,Lovelace Dam,Slate Creek,42.377758,-123.49366,5.5000100143385e+13,,yes,2023,true,171003090604,ODFW fish passage databaseJun102022,27.991,5.668,27.991,36.498,yes,,-1,12.859887799698228
OR-091,OR,North Fork Eagle Creek Dam,North Fork Eagle Creek ,2023,45.3296,-122.1855,T1_NABI,,OR1263,North Fork Eagle Dam (Eg084),North Fork Eagle Creek,45.32959,-122.18571,5.500090002946e+13,,yes,2023,true,170900110502,ODFW fish passage databaseJun102022,35.874,24.09,35.874,74.917,yes,,-1,16.453963665326054
OR-093,OR,Poley Allen Diversion Dam ,Lostine River ,2023,45.47120049,-117.4261254,T1_NABI,,OR3883,Polly Allen Diversion Dam,Lostine River,45.473087,-117.426384,5.5000600007209e+13,,yes,2023,true,170601050204,ODFW fish passage databaseJun102022,4.128,0.587,4.128,13.267,yes,,-1,210.73729596604662
OR-094,OR,Takelma Creek Dam,Takelma Creek,2023,42.2844817,-123.6489922,T1_NABI,,OR3821,Squaw Creek Dam,Squaw Creek,42.28464,-123.64922,5.5000100074678e+13,,no,0,true,171003110504,ODFW fish passage databaseJun102022,18.396,8.118,18.396,225.848,yes,,0,25.71008607657881
OR-095,OR,Whiskey Creek Hydro Dam,Whiskey Creek ,2023,44.194576,-122.89372,T1_NABI,,OR1269,Log Crib Mill Dam,Parsons Creek,44.19253,-122.907425,5.5000900183342e+13,,no,0,true,170900040604,ODFW fish passage databaseJun102022,47.912,26.922,47.912,4662.4,yes,,0,1116.0723672725321
OR-096,OR,John C. Boyle Dam,Klamath River,2024,42.122314,-122.048294,T1_NABI,,OR184,John C Boyle Dam,Klamath River,42.1223,-122.04831,5.0000400253046e+13,OR00559,yes,2024,true,180102060201,NID 2022,-1,-1,-1,-1,no,,-1,2.0407708935965085
OR-097,OR,Pomeroy Dam,Illinois River,2024,42.163,-123.667,T1_NABI,,OR958,Pomeroy Dam,Illinois River,42.16301,-123.66643,5.500010060074e+13,,yes,2024,true,171003110601,ODFW fish passage databaseJun102022,254.252,73.563,254.252,344.318,yes,,-1,46.99365324409759
OR-098,OR,Williams-Whalen Dam,Evans Creek,2024,42.551,-123.096,T1_NABI,,OR3773,Williams-Whalen Dam,Evans Creek,42.550945,-123.09611,5.5000100187096e+13,,yes,2024,true,171003080304,ODFW fish passage databaseJun102022,113.435,16.008,113.435,229.014,yes,,-1,10.89004745408492
OR-099,OR,Hartman Dam,Butte Creek,1999,45.047,-122.6725,T1_NABI,,OR14481,Hartman Dam,Butte Creek,45.047043,-122.67249,5.5000900153334e+13,,yes,1999,true,170900090203,SARP Manual Additions,0.614,0.614,0.614,7.823,yes,,-1,4.845494116348186
OR-100,OR,Cline Falls Dam,Deschutes River,2017,44.277,-121.258,T1_NABI,,OR3540,,Deschutes River,44.277252,-121.2578,5.5000400175988e+13,,yes,2017,true,170703010803,ODFW fish passage databaseJun102022,0.041,0.041,0.041,48.719,yes,,-1,32.22900265374782
OR-101,OR,Peterson Dam,Birch Creek,2024,45.627289,-118.848753,T1_NABI,,OR1192,Peterson Dam,Birch Creek,45.6273,-118.848785,5.5000400268785e+13,,yes,2024,true,170701030609,ODFW fish passage databaseJun102022,25.575,1.945,25.575,277.032,yes,,-1,2.77272477398113
WA-001,WA,Maiden Dam,Touchet River,1998,46.1015,-118.663,T1_NABI,,WA10059,Maiden Dam,Touchet River,46.10151,-118.662994,5.5000400236101e+13,,yes,1998,true,170701021004,American Rivers Dam Removal Database 02/24/2023,1866.522,913.145,1866.522,1884.116,yes,,-1,1.2043394863067505
WA-002,WA,Unnamed Dam,Headquarters Creek,2000,,,UNLINKED,,,,,,,,,,,,,,,,,,,,,
WA-003,WA,Goldsborough Dam,Goldsborough Creek,2001,47.20895,-123.136,T1_NABI,,WA10601,Goldsborough Dam,Goldsborough Creek,47.208973,-123.135994,5.5000800270095e+13,,yes,2001,true,171100190605,American Rivers Dam Removal Database,73.869,22.101,73.869,93.653,yes,,-1,2.5973322249097435
WA-004,WA,Unnamed Blockage #1 (Diffusion Dam 2),Icicle Creek,2003,47.54868,-120.678,T1_NABI,,WA5163,,,47.549583,-120.679184,5.500050016046e+13,,yes,2003,true,170200110406,NHD Dam Event Points 2022,-1,-1,-1,-1,no,,-1,134.0832699714396
WA-005,WA,Unnamed Blockage #2 (Diffusion Dam 3),Icicle Creek,2003,47.54896,-120.675,T1_NABI,,WA10600,Unnamed Blockage #2 (Diffusion Dam 3),Icicle Creek,47.548943,-120.67486,5.5000500266496e+13,,yes,2003,true,170200110406,American Rivers Dam Removal Database,22.973,3.502,2.987,25.96,yes,,-1,10.675983022183786
WA-006,WA,Unnamed Blockage #3 (Diffusion Dam 4),Icicle Creek,2005,47.55497,-120.669,T1_NABI,,WA5160,,,47.554905,-120.66876,5.5000500266499e+13,,yes,2005,true,170200110406,NHD Dam Event Points 2022,25.96,4.101,25.96,28.459,yes,,-1,19.406589113651414
WA-007,WA,Lower Currier Creek Fish Passage and Habitat Restoration,Yakima River Basin,2007,47.00497,-120.582,T1_NABI,,WA10060,Lower Currier Creek Fish Passage And Habitat Restoration,Reecer Creek,47.005527,-120.58139,5.5001000021452e+13,,yes,2007,true,170300010510,American Rivers Dam Removal Database 02/24/2023,48.396,26.437,48.396,2423.194,yes,,-1,77.30141467317546
WA-008,WA,Chico Creek Instream Habitat Restoration,Chico Creek,2008,47.58422,-122.722,T1_NABI,,WA10061,Chico Creek Instream Habitat Restoration,Chico Creek,47.584373,-122.7222,5.5000800159672e+13,,yes,2008,true,171100190705,American Rivers Dam Removal Database 02/24/2023,19.911,6.869,19.911,26.523,yes,,-1,22.681384755563805
WA-009,WA,Satus Dam,Satus Creek,2009,,,UNLINKED,,,,,,,,,,,,,,,,,,,,,
WA-010,WA,Bruton Dam,Taneum Creek,2009,47.0818,-120.734,T1_NABI,,WA1614,Water diversion,Taneum Cr,47.081963,-120.73378,5.5001000060192e+13,,no,2009,true,170300010504,WDFW Jun232022,7.263,3.435,7.263,2792.362,yes,dam,0.737,24.61703501159303
WA-011,WA,Hemlock Dam,Trout Creek,2009,45.80214,-121.933,T1_NABI,,WA10062,Trout Creek Dam,Trout Creek,45.802074,-121.93235,5.5000400240477e+13,WA00367,yes,2009,true,170701051005,American Rivers Dam Removal Database 02/24/2023,227.279,43.666,227.279,1452.442,yes,,-1,50.918538214253715
WA-012,WA,Unnamed Dam,Skokomish River,2009,,,UNLINKED,,,,,,,,,,,,,,,,,,,,,
WA-013,WA,Elwha Dam,Elwha River,2011,48.09414,-123.558,T1_NABI,,WA10063,Elwha Dam,Elwha River,48.094055,-123.55697,5.5000800193077e+13,WA00242,yes,2012,true,171100200514,American Rivers Dam Removal Database 02/24/2023,119.522,53.334,119.522,123.176,yes,,-1,77.07784926230552
WA-014,WA,Glines Canyon Dam,Elwha River,2011,48.00224,-123.6,T1_NABI,,WA10064,Glines Canyon Dam,Elwha River,48.002083,-123.59999,5.5000800192961e+13,WA00144,yes,2014,true,171100200510,American Rivers Dam Removal Database 02/24/2023,6.383,5.255,6.383,8.112,yes,,-1,17.473450358660088
WA-015,WA,Martha Creek Dam,Martha Creek,2012,45.789129,-121.9394482,T1_NABI,,WA10065,Martha Creek Dam,Martha Creek,45.789143,-121.939445,5.5000400206351e+13,,yes,2012,true,170701051005,American Rivers Dam Removal Database 02/24/2023,20.17,0.884,20.17,1685.226,yes,,-1,1.5763777406546378
WA-016,WA,White River Mill Pond Dam,Boise Creek,,47.18868,-121.928,T1_NABI,,WA684,Weyerhaeuser Enumclaw Flood Control Dam,Boise Creek,47.18846,-121.928955,5.5000800169158e+13,WA00636,yes,0,true,171100140403,NID 2022,1.733,0.699,1.733,4.123,yes,,-1,76.19969123478023
WA-017,WA,Coffee Creek Dam,Coffee Creek,,,,UNLINKED,,,,,,,,,,,,,,,,,,,,,
WA-018,WA,Hunters Dam,Hunters Creek,,48.12287,-118.158,T1_NABI,,WA10066,Hunters Dam,Hunter Creek,48.122818,-118.15794,5.5000500300863e+13,,yes,0,true,170200011701,American Rivers Dam Removal Database 02/24/2023,154.157,42.981,154.157,167.331,yes,,-1,7.298466262649199
WA-019,WA,Mill Creek Settling Basin Dam,Mill Creek,,46.9505,-123.773,T1_NABI,,WA1488,,Mill Cr,46.950214,-123.77304,5.5000100207379e+13,,yes,0,true,171001040407,WDFW Jun232022,19.185,3.602,19.185,7770.5938,yes,,-1,31.94635812238992
WA-020,WA,Stromer Lake Dam,Tributary to Columbia River,,,,UNLINKED,,,,,,,,,,,,,,,,,,,,,
WA-021,WA,PEO Dam #48,Tributary to Hanford Creek,,,,UNLINKED,,,,,,,,,,,,,,,,,,,,,
WA-022,WA,Darrington Water Works Dam,Tributary to Sauk River,,48.2336,-121.594817,T1_NABI,,WA10067,Darrington Water Works Dam,Falls Creek,48.233204,-121.59449,5.5000800064276e+13,,yes,0,true,171100060404,American Rivers Dam Removal Database 02/24/2023,1.874,1.874,1.874,1442.818,yes,,-1,50.25456215557316
WA-023,WA,Sultan Mill Pond Dam,Wagleys Creek,,48.07256,-121.973,T1_NABI,,WA10068,Sultan Mill Pond Dam,Wagleys Creek,47.86408,-121.80055,5.5000800285222e+13,,yes,0,true,171100090603,American Rivers Dam Removal Database 02/24/2023,3.807,3.052,3.807,930.262,yes,,-1,26499.73759940056
WA-024,WA,Wind River Dam,Wind River,,45.83346,-121.94,T1_NABI,,WA10602,Wind River Dam,Wind River,45.833183,-121.94058,5.5000400240392e+13,,yes,0,true,170701051004,American Rivers Dam Removal Database,414.894,72.069,414.894,1225.163,yes,,-1,54.47836758354906
WA-025,WA,Black Mud Waste Pond A Dam,Tributary to Columbia River,,46.13982,-123.011,T1_NABI,,WA10069,Black Mud Waste Pond A Dam,,46.13982,-123.011,-1,,yes,0,false,170800030900,American Rivers Dam Removal Database 02/24/2023,-1,-1,-1,-1,no,,-1,0.0
WA-026,WA,Black Mud Waste Pond B Dam,Tributary to Columbia River,,46.13982,-123.011,T1_NABI,,WA10069,Black Mud Waste Pond A Dam,,46.13982,-123.011,-1,,yes,0,false,170800030900,American Rivers Dam Removal Database 02/24/2023,-1,-1,-1,-1,no,,-1,0.0
WA-027,WA,Black Mud Waste Pond C Dam,Tributary to Columbia River,,46.13982,-123.011,T1_NABI,,WA10069,Black Mud Waste Pond A Dam,,46.13982,-123.011,-1,,yes,0,false,170800030900,American Rivers Dam Removal Database 02/24/2023,-1,-1,-1,-1,no,,-1,0.0
WA-030,WA,Growden Dam,Sherman Creek,2009,48.58515,-118.306,T1_NABI,,WA10072,Growden Dam,Sherman Crk,48.5853,-118.30599,5.5000500405622e+13,WA00622,yes,2009,true,170200011302,American Rivers Dam Removal Database 02/24/2023,0.317,0,0.317,195.982,yes,,-1,16.695450351987155
WA-031,WA,Durham Dam,Toppenish Creek,2012,46.315632,-120.235197,T1_NABI,,WA10073,Durham Dam,Toppenish Creek,46.315678,-120.2351,5.5001000030407e+13,,yes,2012,true,170300030607,American Rivers Dam Removal Database 02/24/2023,88.033,49.261,88.033,1338.014,yes,,-1,9.036612451384286
WA-032,WA,Cedar Creek Dam,Cedar Creek,2005,48.75396,-117.4423,T1_NABI,,WA10074,Cedar Creek Dam,Cedar Creek,48.75379,-117.44252,5.5001100301192e+13,,yes,2005,true,170102160902,American Rivers Dam Removal Database 02/24/2023,56.571,24.237,56.571,1372.394,yes,,-1,24.84852622620169
WA-033,WA,Reed Diversion Dam,Manashtash Creek,2016,46.9722,-120.664,T1_NABI,,WA1452,Water diversion,Manastash Cr,46.972237,-120.66396,5.5001000044578e+13,,yes,2016,true,170300010511,WDFW Jun232022,0.75,0.75,0.75,3.07,yes,,-1,5.1125110009689605
WA-034,WA,Mill Pond Dam ,Sullivan Creek,2017,48.858628,-117.302977,T1_NABI,,WA153,Mill Pond,Sullivan Creek,48.858627,-117.30296,5.5001100175934e+13,WA00011,yes,2017,true,170102160403,NID 2022,8.568,5.89,8.568,122.724,yes,,-1,1.2486347229207644
WA-035,WA,Condit Dam,White Salmon River,2011,45.76742,-121.538,T1_NABI,,WA10075,Condit Dam,White Salmon River,45.767494,-121.538124,5.5000400106393e+13,WA00001,yes,2011,true,170701050811,American Rivers Dam Removal Database 02/24/2023,98.613,28.046,98.613,1668.0859,yes,,-1,12.657709024726126
WA-036,WA,Middle Fork Nooksack River Dam,Middle Fork Nooksack River,2020,48.77094,-122.073385,T1_NABI,,WA3661,Middle Fork Nooksack River Diversion Dam,Middle Fork Nooksack River,48.770897,-122.073524,5.5000800166228e+13,,yes,2020,true,171100040304,WDFW Dec152023,0.433,0.003,0.433,4.765,yes,,-1,11.252991608053108
WA-037,WA,Pilchuck River Diversion Dam,Pilchuck River,2020,48.017205,-121.907247,T1_NABI,,WA2673,Pilchuck River Dam,Pilchuck R,48.017136,-121.906975,5.5000800282785e+13,WA2673,yes,2020,true,171100110101,WDFW Jun232022,25.296,11.527,25.296,969.106,yes,,-1,21.637125196258445
WA-038,WA,Nelson Dam,Naches River,2021,46.6316,-120.5872,UNLINKED,,,,,,,,,,,,,,,,,,,,,
WA-039,WA,Beaver Creek Dam No. 1,Beaver Creek,2023,47.77497875,-120.6243678,T1_NABI,,WA2421,Water diversion,Beaver Cr,47.774998,-120.62415,5.5000500378921e+13,,yes,2023,true,170200110701,WDFW Jun232022,14.041,12.86,0.117,14.159,yes,,-1,16.41588149792596
WA-040,WA,Beaver Creek Dam No. 2,Beaver Creek,2023,47.77498649,-120.6269858,T1_NABI,,WA2420,Water diversion,Beaver Cr,47.77502,-120.62663,5.5000500378921e+13,,yes,2023,true,170200110701,WDFW Jun232022,14.158,12.977,0.049,14.207,yes,,-1,26.847996349515984
WA-041,WA,Spore Dam (Barrel Springs Dam),Barrel Springs,2023,48.630656,-122.373028,T1_NABI,,WA3574,Water diversion,Barrel Springs,48.63054,-122.37524,5.5000800199894e+13,,yes,2023,true,171100020202,WDFW Jun232022,0.256,0.256,0.256,0.702,yes,,-1,163.0707444728392
WA-042,WA,Baird Creek Splash Dam,Baird Creek (Tributary to Coweeman River),2023,46.185289,-122.566028,T1_NABI,,WA190014,,Baird Creek (Tributary To Coweeman River),46.185314,-122.566025,5.5000300251055e+13,,yes,2023,true,170800050802,American Rivers Dam Removal Database,30.006,8.808,30.006,33.94,yes,,-1,2.7894502696529884
WA-043,WA,Kwoneesum Dam,Wildboy Creek,2024,45.671319,-122.218781,T1_NABI,,WA317,Camp Kwoneesum Dam,Wildboy Creek Tr-Washougal Rvr,45.67114,-122.218445,5.500030028669e+13,WA00131,yes,2024,true,170800010603,NID 2022,16.862,2.903,16.862,39.361,yes,,-1,32.82916531588827
WA-044,WA,Snyder Creek AOP #1 Dam,Synder Canyon Creek,2024,45.82404,-121.154622,T1_NABI,,WA936,,Snyder Canyon Cr,45.82433,-121.15507,5.5000400211224e+13,,yes,2004,true,170701060406,WDFW Jun232022,19.027,2.778,19.027,720.802,yes,,-1,47.380694905116805
WA-045,WA,Unnamed Dam,West Fork Anderson Creek,2025,47.514,-122.69,T1_NABI,,WA2117,,Anderson Cr,47.514004,-122.68993,5.5000800235154e+13,,yes,2025,true,171100190704,WDFW Jun232022,1.064,1.064,1.064,3.313,yes,,-1,5.275933338231037
WA-046,WA,Unnamed Dam,East Fork Anderson Creek,2025,47.513,-122.686,T1_NABI,,WA2116,,Unnamed,47.513416,-122.68613,5.5000800046304e+13,,yes,2025,true,171100190704,WDFW Jun232022,0.724,0.724,0.724,2.973,yes,,-1,47.27624013018847
