"AR_ID","dam","state","lat","lon","river_recorded","stream_name","rule40_agrees","nearest_m","dam_name_names_this_stream","dam_name_names_recorded_river","species_here"
"CA-175","Little Shasta River Flashboard Dam","CA",41.72226,-122.37027,"Little Shasta River","Little Shasta River",TRUE,7.3,TRUE,TRUE,"Coho salmon; Coho salmon (SONCC, derived); Steelhead"
"CA-186","Iron Gate Dam","CA",41.9349,-122.4367,"Klamath River","Klamath River",TRUE,95.1,FALSE,FALSE,"Coho salmon; Coho salmon (SONCC, derived); Pacific lamprey; Steelhead"
"CA-186","Iron Gate Dam","CA",41.9349,-122.4367,"Klamath River"," ",FALSE,149.1,FALSE,FALSE,"Steelhead"
"OR-015","Buck & Jones Diversion Dam","OR",42.17507,-123.003,"Little Applegate River","Little Applegate River",TRUE,79.2,FALSE,FALSE,"Coastal cutthroat trout; Pacific lamprey; Steelhead"
"OR-015","Buck & Jones Diversion Dam","OR",42.17507,-123.003,"Little Applegate River","(unnamed)",FALSE,79.2,FALSE,FALSE,"Coastal cutthroat trout"
"OR-015","Buck & Jones Diversion Dam","OR",42.17507,-123.003,"Little Applegate River","Sterling Creek",FALSE,424.6,FALSE,FALSE,"Coastal cutthroat trout; Pacific lamprey; Steelhead"
"OR-027","Fivemile Creek Irrigation Diversion Dam","OR",42.4693,-121.1135,"Fivemile Creek","Fivemile Creek",TRUE,5,TRUE,TRUE,"Redband trout; Steelhead"
"OR-027","Fivemile Creek Irrigation Diversion Dam","OR",42.4693,-121.1135,"Fivemile Creek","North Fork Sprague River",FALSE,362.8,FALSE,TRUE,"Chinook salmon; Redband trout; Steelhead"
"OR-040","Sandy River Delta Dam ","OR",45.55352,-122.378,"Sandy River","(unnamed)",FALSE,98.1,FALSE,TRUE,"Chinook salmon; Coastal cutthroat trout; Coho salmon; Steelhead"
"OR-040","Sandy River Delta Dam ","OR",45.55352,-122.378,"Sandy River","Unnamed trib to Columbia River",FALSE,98.1,FALSE,TRUE,"Chinook salmon"
"OR-040","Sandy River Delta Dam ","OR",45.55352,-122.378,"Sandy River","Sandy River",TRUE,278.1,TRUE,TRUE,"Chinook salmon; Chum salmon; Coastal cutthroat trout; Coho salmon; Eulachon; Largescale sucker; Mountain whitefish; Pacific lamprey; Steelhead"
"OR-046","Pine Meadow Ranch Dam ","OR",44.26825,-121.558,"Whychus Creek","Whychus Creek",TRUE,19.7,FALSE,FALSE,"Bridgelip sucker; Chinook salmon; Largescale sucker; Redband trout; Steelhead"
"OR-049","Canyon Creek Meadows Dam","OR",44.2368,-118.7719,"Canyon Creek","Canyon Creek",TRUE,82.7,TRUE,TRUE,"Redband trout"
"OR-062","Kelley Creek Dam","OR",45.46596,-122.49294,"Kelley Creek, tributary to Johnson Creek","Kelly Creek",FALSE,311.2,FALSE,TRUE,"Coho salmon; Steelhead"
"OR-062","Kelley Creek Dam","OR",45.46596,-122.49294,"Kelley Creek, tributary to Johnson Creek","Kelley Creek",TRUE,311.2,TRUE,TRUE,"Coastal cutthroat trout"
"OR-066","South Fork Big Butte Dam","OR",42.53622,-122.54519,"South Fork Big Butte Creek","South Fork Big Butte Creek",TRUE,4.8,TRUE,TRUE,"Coastal cutthroat trout; Coho salmon; Coho salmon (SONCC, derived); Steelhead"
"OR-070","Powell Creek Dam","OR",42.26648,-123.28797,"Powell Creek","Powell Creek",TRUE,15.9,TRUE,TRUE,"Coastal cutthroat trout; Coho salmon; Coho salmon (SONCC, derived); Steelhead"
"OR-072","Klaskanine Hatchery Intake Dam","OR",46.0885,-123.71735,"North Fork Klaskanine","North Fork Klaskanine River",TRUE,0,TRUE,TRUE,"Chinook salmon; Chum salmon; Coastal cutthroat trout; Coho salmon; Pacific lamprey; Steelhead"
"OR-072","Klaskanine Hatchery Intake Dam","OR",46.0885,-123.71735,"North Fork Klaskanine","(unnamed)",FALSE,227,FALSE,TRUE,"Coastal cutthroat trout"
"OR-072","Klaskanine Hatchery Intake Dam","OR",46.0885,-123.71735,"North Fork Klaskanine","North Fork North Fork Klaskanine River",TRUE,237.4,TRUE,TRUE,"Coastal cutthroat trout"
"OR-072","Klaskanine Hatchery Intake Dam","OR",46.0885,-123.71735,"North Fork Klaskanine","N Fork N Fork Klaskanine River",FALSE,237.4,TRUE,TRUE,"Coho salmon; Steelhead"
"OR-082","Balm Grove Dam","OR",45.59845,-123.21711,"Gales Creek ","Gales Creek",TRUE,14.5,FALSE,FALSE,"Coastal cutthroat trout; Coho salmon; Mountain whitefish; Pacific lamprey; Steelhead"
"OR-082","Balm Grove Dam","OR",45.59845,-123.21711,"Gales Creek ","Little Beaver Creek",FALSE,235.5,FALSE,FALSE,"Coastal cutthroat trout; Coho salmon"
"OR-082","Balm Grove Dam","OR",45.59845,-123.21711,"Gales Creek ","Fir Creek",FALSE,433,FALSE,FALSE,"Coastal cutthroat trout"
"OR-087 to OR-088","Krumwiede Diversion 1 & 2 Pushup Dams","OR",42.44,-122.64,"Salt Creek ","Long Branch",FALSE,312.8,FALSE,FALSE,"Coastal cutthroat trout; Coho salmon; Coho salmon (SONCC, derived); Steelhead"
"OR-087 to OR-088","Krumwiede Diversion 1 & 2 Pushup Dams","OR",42.44,-122.64,"Salt Creek ","Long Branch Creek",FALSE,312.8,FALSE,FALSE,"Steelhead"
"OR-087 to OR-088","Krumwiede Diversion 1 & 2 Pushup Dams","OR",42.44,-122.64,"Salt Creek ","Salt Creek",TRUE,415.6,FALSE,FALSE,"Coastal cutthroat trout; Coho salmon; Coho salmon (SONCC, derived); Steelhead"
"WA-011","Hemlock Dam","WA",45.80214,-121.933,"Trout Creek","Trout Creek",TRUE,8.3,FALSE,FALSE,"Chinook salmon; Coho salmon; Steelhead"
"WA-013","Elwha Dam","WA",48.09414,-123.558,"Elwha River","Elwha River",TRUE,2.1,TRUE,TRUE,"Bull trout; Chinook salmon; Coastal cutthroat trout; Coho salmon; Pacific lamprey; Pink salmon; Sockeye salmon; Steelhead"
"WA-015","Martha Creek Dam","WA",45.78913,-121.93945,"Martha Creek","Martha Creek",TRUE,1.4,TRUE,TRUE,"Coho salmon; Steelhead"
"WA-035","Condit Dam","WA",45.76742,-121.538,"White Salmon River","White Salmon River",TRUE,14,FALSE,FALSE,"Bull trout; Chinook salmon; Coastal cutthroat trout; Coho salmon; Mountain whitefish; Pacific lamprey; Steelhead"
"WA-042","Baird Creek Splash Dam","WA",46.18529,-122.56603,"Baird Creek (Tributary to Coweeman River)","Baird Creek",TRUE,3.3,TRUE,TRUE,"Coastal cutthroat trout; Coho salmon; Steelhead"
"WA-042","Baird Creek Splash Dam","WA",46.18529,-122.56603,"Baird Creek (Tributary to Coweeman River)","Little Baird Creek",FALSE,360.4,TRUE,TRUE,"Coho salmon; Steelhead"
